PRODUCT NAME,CATEGORY,BRAND,SKU,SUPPLIER,GTIN / EAN / UPC,MAP (Targeted price or RRP),Cost price,Bottom price,Ceiling price,Your site URL,Competitor #1 URL,Competitor #2 URL,Competitor #3 URL,Competitor ... URL,Audit Reebelo By
"Apple Macbook Air 2013 (i5, 4GB RAM, 128GB) - Excellent",Apple Macbook Air Series,Apple,,,MacAir2013i54128GB-RD-EXD-AU,,,,,,,,,,
"Apple Macbook Air 2013 (i5, 8GB RAM, 128GB) - Excellent",Apple Macbook Air Series,Apple,,,MacAir2013i58128GB-RD-EXD-AU,,,,,,,,,,
"Apple Macbook Air 2015 (13"", i5, 128GB, Silver) AU - Excellent",Apple Macbook Air Series,Apple,,,MacAir2015128GBAS-RD-VR-EXD-AU,,,,,,,https://www.backmarket.com.au/en-au/p/macbook-air-13-3-inch-2015-core-i-5-8-gb-ssd-128-qwerty-english/aa427f52-0116-446f-ab07-3edd548b9023?l=11&variantClicked=true#scroll=false,,,
"Apple Macbook Air 2015 (i5, 8GB RAM, 256GB) - Excellent",Apple Macbook Air Series,Apple,,,MacAirMJVE2LLi58256GB13-RD-EXD-AU,,,,,,,,,,
"Apple Macbook Air 2018 (i5, 16GB RAM, 1.5TB, Space Grey) - Excellent",Apple Macbook Air Series,Apple,,,MacAir2018SpGi51.5TB13-RD-VR-EXD-AU,,,,,,,,,,
"Apple Macbook Air 2018 (i5, 8GB RAM, 128GB, Gold) - Excellent - Excellent",Apple Macbook Air Series,Apple,,,MacAir2018Gldi5128GB13-RD-VR-EXD-AU,,,,,,,https://www.backmarket.com.au/en-au/p/macbook-air-retina-13-3-inch-2018-core-i-5-8-gb-ssd-128-qwerty-english/0cd9e9ad-8033-4cb5-abfc-42cbe0f7da09?l=11&variantClicked=true#scroll=false,https://www.amazon.com.au/dp/B0DYG9TBSP,,
"Apple Macbook Air 2018 (i5, 8GB RAM, 128GB, Space Grey) - Excellent",Apple Macbook Air Series,Apple,,,MacAir2018SpGi5128GB13-RD-VR-EXD-AU,,,,,,,https://www.backmarket.com.au/en-au/p/macbook-air-retina-13-3-inch-2018-core-i-5-8-gb-ssd-128-qwerty-english/888a07df-fb34-423e-8de2-d239a928016c?l=11&variantClicked=true#scroll=false,https://www.amazon.com.au/dp/B07NPTCNSG,,
"Apple Macbook Air 2019 (i5, 16GB RAM, 512GB, Gold) - Excellent",Apple Macbook Air Series,Apple,,,MacAir2019Gldi516512GB13-RD-VR-EXD-AU,,,,,,,,,,
"Apple Macbook Air 2019 (i5, 8GB RAM, 128GB, Gold) - Excellent",Apple Macbook Air Series,Apple,,,MacAir2019Gldi58128GB13-RD-VR-EXD-AU,,,,,,,https://www.backmarket.com.au/en-au/p/macbook-air-retina-13-3-inch-2019-core-i-5-8-gb-ssd-128-qwerty-english-us/5cc58864-6e53-408e-90de-1fa8b668e498?l=11&variantClicked=true#scroll=false,,,
"Apple Macbook Air 2019 (i5, 8GB RAM, 256GB, Gold) - Excellent",Apple Macbook Air Series,Apple,,,MacAir2019Gldi58256GB13-RD-VR-EXD-AU,,,,,,,https://www.backmarket.com.au/en-au/p/macbook-air-retina-13-3-inch-2019-core-i-5-8-gb-ssd-256-qwerty-english/9bbb4be9-ebf0-43d0-83af-55a5d7822df3?l=11&variantClicked=true#scroll=false,,,
"Apple Macbook Air 2020 (M1, 16GB RAM, 1TB, Space Grey) - Excellent",Apple Macbook Air Series,Apple,,,MacAir132020SpG1TBM1-RD-VR-EXD-AU,,,,,,,,,,
"Apple Macbook Air 2020 (M1, 16GB RAM, 256GB, Gold) - Excellent",Apple Macbook Air Series,Apple,,,MacAir132020Gld16256GBM1-RD-VR-EXD-AU,,,,,,,,,,
"Apple Macbook Air 2022 (M2, 8GB RAM, 256GB, Grey) - Excellent",Apple Macbook Air Series,Apple,,,MacAir2022M28256GryG-RD-VR-EXD-AU,,,,,,,,https://www.amazon.com.au/dp/B0F8PBSTRV,,
"Apple Macbook Air 2022 (M2, 8GB RAM, 256GB, Midnight) - Excellent",Apple Macbook Air Series,Apple,,,MacAir2022M28256MidG-RD-VR-EXD-AU,,,,,,,https://www.backmarket.com.au/en-au/p/macbook-air-13-6-inch-2022-m-28-core-and-8-core-gpu-8-gb-ram-ssd-256-gb-qwerty-english/febf7f0d-8b65-4e68-bff9-5aae0f424332?l=11&variantClicked=true#scroll=false,,,
"Apple Macbook Air 2022 (M2, 8GB RAM, 512GB, Midnight) - Excellent",Apple Macbook Air Series,Apple,,,MacAir2022M28512MidG-RD-VR-EXD-AU,,,,,,,,,,
"Apple Macbook Air Early 2014 (i7, 4GB RAM, 512GB) - Excellent",Apple Macbook Air Series,Apple,,,MacAirMF068X-Ai74512GB13-RD-VR-EXD-AU,,,,,,,,,,
"Apple Macbook Air Early 2014 (i7, 8GB RAM, 512GB) - Excellent",Apple Macbook Air Series,Apple,,,MacAirMF068X-Ai78512GB13-RD-VR-EXD-AU,,,,,,,,,,
"Apple Macbook Air Early 2015 (i5, 4GB RAM, 128GB) - Excellent",Apple Macbook Air Series,Apple,,,MacBookAir2015MJV128GB-RD-EXD-AU,,,,,,,,,,
"Apple Macbook Air Early 2015 (i5, 4GB RAM, 256GB) - Excellent",Apple Macbook Air Series,Apple,,,MacBookAir2015MJV256GB-RD-EXD-AU,,,,,,,,,,
"Apple Macbook Air Late 2018 (i5, 16GB RAM, 256GB, Space Grey) - Excellent",Apple Macbook Air Series,Apple,,,MacAirMRE82LL-Ai516256GB13-RD-EXD-AU,,,,,,,,,,
"Apple Macbook Air Late 2018 (i5, 8GB RAM, 128GB, Gold) - Excellent",Apple Macbook Air Series,Apple,,,MacAirMRE82LL-Ai58128GB13-RD-EXD-AU,,,,,,,https://www.backmarket.com.au/en-au/p/macbook-air-retina-13-3-inch-2018-core-i-5-8-gb-ssd-128-qwerty-english/0cd9e9ad-8033-4cb5-abfc-42cbe0f7da09?l=11&variantClicked=true#scroll=false,https://www.amazon.com.au/dp/B0DYG9TBSP,,
"Apple Macbook Air M1 2020 13.3"" (8GB RAM, 256GB, Space Grey) AU - Excellent",Apple Macbook Air Series,Apple,,,MacAirM120208256GBSpGAS-RD-VR-EXD-AU,,,,,,,https://www.backmarket.com.au/en-au/p/macbook-air-13-inch-2020-m-18-core-and-7-core-gpu-8-gb-ram-ssd-256-gb-qwerty-english/5db61bd5-12be-43d9-8533-deef5d6cc035?l=11&variantClicked=true#scroll=false,,,
"Apple Macbook Air M1 2020 13.3"" (8GB RAM, 512GB, Space Grey) AU - Excellent",Apple Macbook Air Series,Apple,,,MacAirM120208512GBSpGAS-RD-VR-EXD-AU,,,,,,,,,,
"Apple Macbook Air MD711LL/A (i7, 8GB RAM, 256GB) - Excellent",Apple Macbook Air Series,Apple,,,MacAirMD711LL-Ai78256GB11-RD-EXD-AU,,,,,,,,,,
"Apple Macbook Air MD711LL/B (i5, 4GB RAM, 256GB) - Excellent",Apple Macbook Air Series,Apple,,,MacAirMD711LL-Bi54256GB11-RD-EXD-AU,,,,,,,,,,
"Apple Macbook Air MGN73ll/a 13.3"" (8GB RAM, 512GB, Gold) AU - Excellent",Apple Macbook Air Series,Apple,,,McbkAirMgn732020M18512GldAS-RD-VR-EXD-AU,,,,,,,,,,
"Apple Macbook Air MGN73ll/a 13.3"" (8GB RAM, 512GB, Silver) AU - Excellent",Apple Macbook Air Series,Apple,,,McbkAirMgn732020M18512SlvAS-RD-VR-EXD-AU,,,,,,,,,,
"Apple Macbook Air MGN73ll/a 13.3"" (8GB RAM, 512GB, Space Gray) AU - Excellent",Apple Macbook Air Series,Apple,,,McbkAirMgn732020M18512SpGAS-RD-VR-EXD-AU,,,,,,,https://www.backmarket.com.au/en-au/p/macbook-air-13-3-inch-2020-m-18-core-and-8-core-gpu-8-gb-ram-ssd-512-gb-qwerty/34bf4081-2b88-4db5-8f8a-9a0d47314342?l=11&variantClicked=true#scroll=false,,,
"Apple Macbook Air Mid 2012 (i5, 4GB RAM, 128GB) - Excellent",Apple Macbook Air Series,Apple,,,MacAirMD223LL-Ai54128GB11-RD-VR-EXD-AU,,,,,,,,,,
"Apple Macbook Air Mid 2012 (i5, 4GB RAM, 256GB) - Excellent",Apple Macbook Air Series,Apple,,,MacAirMD231LL-Ai54256GB13-RD-VR-EXD-AU,,,,,,,,,,
"Apple Macbook Air Mid 2012 (i5, 4GB RAM, 256GB) - Excellent",Apple Macbook Air Series,Apple,,,MacAirMD223LL-Ai54256GB11-RD-VR-EXD-AU,,,,,,,,,,
"Apple Macbook Air Mid 2012 (i5, 8GB RAM, 256GB) - Excellent",Apple Macbook Air Series,Apple,,,MacAirMD231LL-Ai58256GB13-RD-VR-EXD-AU,,,,,,,,,,
"Apple Macbook Air Mid 2013 (i5, 4GB RAM, 128GB) - Excellent",Apple Macbook Air Series,Apple,,,MacAirMD760LL-Ai54128GB-RD-VR-EXD-AU,,,,,,,,,,
"Apple Macbook Air Mid 2013 (i5, 4GB RAM, 256GB, MD711L) - Excellent",Apple Macbook Air Series,Apple,,,MacAirMD711LL-A256GBi5-RD-VR-EXD-AU,,,,,,,,,,
"Apple Macbook Air Mid 2013 (i5, 8GB RAM, 128GB) - Excellent",Apple Macbook Air Series,Apple,,,MacAirMD760LL-Ai58128GB-RD-VR-EXD-AU,,,,,,,,,,
"Apple Macbook Air Mid 2013 (i5, 8GB RAM, 256GB) - Excellent",Apple Macbook Air Series,Apple,,,MacAirMD760LL-Ai58256GB-RD-VR-EXD-AU,,,,,,,,,,
"Apple Macbook Air Mid 2013 (i5, 8GB RAM, 512GB, MD711L) - Excellent",Apple Macbook Air Series,Apple,,,MacAirMD711LL-A512GBi5-RD-VR-EXD-AU,,,,,,,,,,
"Apple Macbook Pro 2015 (i5, 8GB RAM, 128GB) - Excellent",Apple Macbook Pro Series,Apple,,,MacPro2015i58128GB13-RD-EXD-AU,,,,,,,https://www.backmarket.com.au/en-au/p/macbook-pro-retina-13-3-inch-2015-core-i-5-8-gb-ssd-256-qwerty-english/f7866103-0d0d-433b-ba7d-2b84d7cbe18b?l=11&variantClicked=true#scroll=false,,,
"Apple Macbook Pro 2016 (i5, 16GB RAM, 1TB) - Excellent",Apple Macbook Pro Series,Apple,,,MacProMLH12LLi5161TB13-RD-VR-EXD-AU,,,,,,,,,,
"Apple Macbook Pro 2016 (i5, 16GB RAM, 256GB) - Excellent",Apple Macbook Pro Series,Apple,,,MacProMLH12LLi516256GB13-RD-VR-EXD-AU,,,,,,,,,,
"Apple Macbook Pro 2016 (i5, 16GB RAM, 512GB) - Excellent",Apple Macbook Pro Series,Apple,,,MacProMLH12LLi516512GB13-RD-VR-EXD-AU,,,,,,,,,,
"Apple Macbook Pro 2016 (i5, 8GB RAM, 1TB) - Excellent",Apple Macbook Pro Series,Apple,,,MacProMLUQ2LLi51TB-RD-EXD-AU,,,,,,,,,,
"Apple Macbook Pro 2016 (i7, 16GB RAM, 1TB) - Excellent",Apple Macbook Pro Series,Apple,,,MacProMLW82Xi7161TB15-RD-VR-EXD-AU,,,,,,,,,,
"Apple Macbook Pro 2016 (i7, 16GB RAM, 2TB) - Excellent",Apple Macbook Pro Series,Apple,,,MacProMLW82Xi7162TB15-RD-VR-EXD-AU,,,,,,,,,,
"Apple Macbook Pro 2017 (i5, 16GB RAM, 256GB) - Excellent",Apple Macbook Pro Series,Apple,,,MacPro2017i516256GB13-RD-VR-EXD-AU,,,,,,,https://www.backmarket.com.au/en-au/p/macbook-pro-retina-13-3-inch-2017-core-i-5-16-gb-ssd-256-qwerty-english/82a744fb-8676-4d3b-8ac0-99378c74ca26?l=11&variantClicked=true#scroll=false,,,
"Apple Macbook Pro 2017 (i5, 16GB RAM, 256GB) - Excellent",Apple Macbook Pro Series,Apple,,,MacPro2017i5256GBTchBar-RD-VR-EXD-AU,,,,,,,https://www.backmarket.com.au/en-au/p/macbook-pro-retina-13-3-inch-2017-core-i-5-16-gb-ssd-256-qwerty-english/82a744fb-8676-4d3b-8ac0-99378c74ca26?l=11&variantClicked=true#scroll=false,,,
"Apple Macbook Pro 2017 (i5, 16GB RAM, 512GB, Retina) - Excellent",Apple Macbook Pro Series,Apple,,,MacPro2017i516512GB13-RD-VR-EXD-AU,,,,,,,,,,
"Apple Macbook Pro 2017 (i5, 16GB RAM, 512GB) - Excellent",Apple Macbook Pro Series,Apple,,,MacPro2017i5512GBTchBar-RD-VR-EXD-AU,,,,,,,,,,
"Apple Macbook Pro 2017 (i5, 8GB RAM, 512GB) - Excellent",Apple Macbook Pro Series,Apple,,,MacPro2017i58512GB13-RD-VR-EXD-AU,,,,,,,https://www.backmarket.com.au/en-au/p/macbook-pro-retina-13-3-inch-2017-core-i-5-8-gb-ssd-512-qwerty-english/b098e7f8-4538-419e-8074-a80d52d59399?l=11&variantClicked=true#scroll=false,,,
"Apple Macbook Pro 2017 (i7, 16GB RAM, 1TB) - Excellent",Apple Macbook Pro Series,Apple,,,MacPro2017i71TB13-RD-VR-EXD-AU,,,,,,,,,,
"Apple Macbook Pro 2017 (i7, 16GB RAM, 1TB) - Excellent",Apple Macbook Pro Series,Apple,,,MacPro2017i7161TB-RD-VR-EXD-AU,,,,,,,,,,
"Apple Macbook Pro 2017 (i7, 16GB RAM, 256GB) - Excellent",Apple Macbook Pro Series,Apple,,,MacPro2017i716256GB-RD-VR-EXD-AU,,,,,,,https://www.backmarket.com.au/en-au/p/macbook-pro-retina-13-inch-2017-core-i-7-16-gb-ssd-256-qwerty-english/d4abe7d4-1365-4569-a419-30b3c5a66ceb?l=11&variantClicked=true#scroll=false,,,
"Apple Macbook Pro 2017 (i7, 16GB RAM, 512GB) - Excellent",Apple Macbook Pro Series,Apple,,,MacPro2017i7512GB13-RD-VR-EXD-AU,,,,,,,https://www.backmarket.com.au/en-au/p/macbook-pro-retina-13-3-inch-2017-core-i-7-16-gb-ssd-512-qwerty-english/b4d8249d-0550-45ce-9f01-5117dd1d00b9?l=11&variantClicked=true#scroll=false,,,
"Apple Macbook Pro 2017 (i7, 16GB RAM, 512GB) - Excellent",Apple Macbook Pro Series,Apple,,,MacPro2017i716512GB-RD-VR-EXD-AU,,,,,,,https://www.backmarket.com.au/en-au/p/macbook-pro-retina-13-3-inch-2017-core-i-7-16-gb-ssd-512-qwerty-english/b4d8249d-0550-45ce-9f01-5117dd1d00b9?l=11&variantClicked=true#scroll=false,,,
"Apple Macbook Pro 2018 (i5, 16GB RAM, 256GB) - Excellent",Apple Macbook Pro Series,Apple,,,MacPro2018i5256GB13-RD-VR-EXD-AU,,,,,,,,,,
"Apple Macbook Pro 2018 (i5, 16GB RAM, 512GB) - Excellent",Apple Macbook Pro Series,Apple,,,MacPro2018i5512GB13-RD-VR-EXD-AU,,,,,,,,,,
"Apple Macbook Pro 2018 (i7, 16GB RAM, 1TB) - Excellent",Apple Macbook Pro Series,Apple,,,MacBookPro15i71TBTB-RD-VR-EXD-AU,,,,,,,,,,
"Apple Macbook Pro 2018 (i7, 16GB RAM, 256GB) - Excellent",Apple Macbook Pro Series,Apple,,,MacBookPro15i7256GBTB-RD-VR-EXD-AU,,,,,,,,,,
"Apple Macbook Pro 2018 (i7, 32GB RAM, 512GB) - Excellent",Apple Macbook Pro Series,Apple,,,MacBookPro15i7512GBTB-RD-VR-EXD-AU,,,,,,,,,,
"Apple Macbook Pro 2018 (i9, 32GB RAM, 1TB) - Excellent",Apple Macbook Pro Series,Apple,,,MacPro2018i91TB15-RD-VR-EXD-AU,,,,,,,,,,
"Apple Macbook Pro 2018 (i9, 32GB RAM, 2TB) - Excellent",Apple Macbook Pro Series,Apple,,,MacPro2018i92TB15-RD-VR-EXD-AU,,,,,,,,,,
"Apple Macbook Pro 2019 (i5, 16GB RAM, 1TB) - Excellent",Apple Macbook Pro Series,Apple,,,MacPro2019i51TB13-RD-VR-EXD-AU,,,,,,,,,,
"Apple Macbook Pro 2019 (i5, 16GB RAM, 256GB) - Excellent",Apple Macbook Pro Series,Apple,,,MacPro2019i5256GB13-RD-VR-EXD-AU,,,,,,,https://www.backmarket.com.au/en-au/p/macbook-pro-retina-13-3-inch-2019-core-i-5-16-gb-ssd-256-qwerty-english-us/fe606c6c-d45b-41d7-8c53-ce3de3c6ef50?l=11&variantClicked=true#scroll=false,,,
"Apple Macbook Pro 2019 (i7, 16GB RAM, 512GB) - Excellent",Apple Macbook Pro Series,Apple,,,MacPro2019i7512GB13-RD-VR-EXD-AU,,,,,,,,,,
"Apple Macbook Pro 2019 (i7, 8GB RAM, 2TB) - Excellent",Apple Macbook Pro Series,Apple,,,MacPro2019i72TB13-RD-VR-EXD-AU,,,,,,,,,,
"Apple Macbook Pro 2020 (M1, 16GB RAM, 1TB) - Excellent",Apple Macbook Pro Series,Apple,,,McPro132020M116GB1TB-RD-VR-EXD-AU,,,,,,,,,,
"Apple Macbook Pro 2020 (M1, 16GB RAM, 256GB) - Excellent",Apple Macbook Pro Series,Apple,,,MacPro2020M1256GB-RD-VR-EXD-AU,,,,,,,,,,
"Apple Macbook Pro 2020 (M1, 16GB RAM, 2TB) - Excellent",Apple Macbook Pro Series,Apple,,,MacPro2020M12TB-RD-VR-EXD-AU,,,,,,,,,,
"Apple Macbook Pro 2020 (M1, 16GB RAM, 512GB) - Excellent",Apple Macbook Pro Series,Apple,,,MacPro2020M1512GB-RD-VR-EXD-AU,,,,,,,,,,
"Apple Macbook Pro 2020 (M1, 8GB RAM, 1TB) - Excellent",Apple Macbook Pro Series,Apple,,,McPro132020M18GB1TB-RD-VR-EXD-AU,,,,,,,,,,
"Apple Macbook Pro 2020 (M1, 8GB RAM, 256GB) - Excellent",Apple Macbook Pro Series,Apple,,,McPro132020M18GB256GB-RD-VR-EXD-AU,,,,,,,https://www.backmarket.com.au/en-au/p/macbook-pro-13-3-inch-2020-m-18-core-and-8-core-gpu-8-gb-ram-ssd-256-gb-qwerty/76aa2801-ed22-4c9e-96a8-baf816ea60b1?l=11&variantClicked=true#scroll=false,,,
"Apple Macbook Pro 2020 (M1, 8GB RAM, 512GB) - Excellent",Apple Macbook Pro Series,Apple,,,McPro132020M18GB512GB-RD-VR-EXD-AU,,,,,,,https://www.backmarket.com.au/en-au/p/macbook-pro-13-3-inch-2020-m-18-core-and-8-core-gpu-8-gb-ram-ssd-512-gb-qwerty-english/86ac3fed-f822-461d-89d1-a9c284644676?l=11&variantClicked=true#scroll=false,,,
"Apple Watch HERMES Series 4 (44MM, Silver, Cellular) - Excellent",Apple Watch Series 4,Apple,,,ApWS4Hr44mCelSil-RD-EXD-AU,,,,,,,,,,
"Apple Watch SE Cellular (40MM, Gold, Alumunium) - Excellent",Apple Watch SE Series,Apple,,,AplWtchSE40CelGld-RD-VR-EXD-AU,,,,,,,,,,
"Apple Watch SE Cellular (40MM, Space Grey, Alumunium) - Excellent",Apple Watch SE Series,Apple,,,AplWtchSE40CelSpG-RD-VR-EXD-AU,,,,,,,,,,
"Apple Watch SE2 2022 Aluminum (40MM, Gold) AU - Excellent",Apple Watch SE Series,Apple,,,AplWSE2Al40MMGldAS-RD-VR-EXD-AU,,,,,,,,,,
"Apple Watch SE2 2022 Aluminum (40MM, Grey) AU - Excellent",Apple Watch SE Series,Apple,,,AplWSE2Al40MMGryAS-RD-VR-EXD-AU,,,,,,,,,,
"Apple Watch SE2 2022 Aluminum (44MM, Silver) AU - Excellent",Apple Watch SE Series,Apple,,,AplWSE2Al44MMSilAS-RD-VR-EXD-AU,,,,,,,https://www.backmarket.com.au/en-au/p/apple-watch-mm/2bc72c80-2344-4cfd-a19c-5792573368db?l=11&variantClicked=true#scroll=false,,,
"Apple Watch SE2 2022 Aluminum Cellular (40MM, Gold) AU - Excellent",Apple Watch SE Series,Apple,,,AplWSE2CelAl40MMGldAS-RD-VR-EXD-AU,,,,,,,,,,
"Apple Watch SE2 2022 Aluminum Cellular (40MM, Grey) AU - Excellent",Apple Watch SE Series,Apple,,,AplWSE2CelAl40MMGryAS-RD-VR-EXD-AU,,,,,,,https://www.backmarket.com.au/en-au/p/apple-watch-series-se-2022-gps-cellular-40-aluminium-midnight-sport-band/869aa9ef-9b07-4bc5-b314-2800555b9703?l=11&variantClicked=true#scroll=false,,,
"Apple Watch SE2 2022 Aluminum Cellular (40MM, Silver) AU - Excellent",Apple Watch SE Series,Apple,,,AplWSE2CelAl40MMSlvAS-RD-VR-EXD-AU,,,,,,,,,,
"Apple Watch SE2 2022 Aluminum Cellular (44MM, Grey) AU - Excellent",Apple Watch SE Series,Apple,,,iWCELLSE244MMGryAS-RD-VR-EXD-AU,,,,,,,https://www.backmarket.com.au/en-au/p/apple-watch-mm/4c1bbe65-b8ec-4424-be93-21afe013c32b?l=11&variantClicked=true#scroll=false,,,
"Apple Watch Series 3 (38MM, Gold) - Excellent",Apple Watch Series 3,Apple,,,ApWatch4Almn38Gld-RD-VR-EXD-AU,,,,,,,,,,
"Apple Watch Series 3 (38MM, Silver) - Excellent",Apple Watch Series 3,Apple,,,ApWatch4Almn38Sil-RD-VR-EXD-AU,,,,,,,,,,
"Apple Watch Series 3 (42MM, Grey) - Excellent",Apple Watch Series 3,Apple,,,ApWatch342Gry-RD-VR-EXD-AU,,,,,,,,,,
"Apple Watch Series 3 (42MM, Silver) - Excellent",Apple Watch Series 3,Apple,,,ApWatch342Sil-RD-VR-EXD-AU,,,,,,,,,,
"Apple Watch Series 4 (40MM, Black) AU - Excellent",Apple Watch Series 4,Apple,,,ApWatch4BLK40mmDS-RD-VR-EXD-AU,,,,,,,,,,
"Apple Watch Series 4 (40MM, Gold) AU - Excellent",Apple Watch Series 4,Apple,,,ApWatch4Almn40RsGAS-RD-VR-EXD-AU,,,,,,,,,,
"Apple Watch Series 4 (44mm, Black, Cellular) - Excellent",Apple Watch Series 4,Apple,,,AWTCH4Blck44mmCell-RD-VR-EXD-AU,,,,,,,,,,
"Apple Watch Series 4 (44mm, Black, Cellular) AU - Excellent",Apple Watch Series 4,Apple,,,AWTCH4Blck44mmCellAS-RD-VR-EXD-AU,,,,,,,,https://www.amazon.com.au/dp/B09DGL62NV,,
"Apple Watch Series 4 (44mm, Gold, Cellular) AU - Excellent",Apple Watch Series 4,Apple,,,AWTCH444mmGldCellAS-RD-VR-EXD-AU,,,,,,,,,,
"Apple Watch Series 4 (44MM, Gold) AU - Excellent",Apple Watch Series 4,Apple,,,AplWS444MMGldAS-RD-VR-EXD-AU,,,,,,,,,,
"Apple Watch Series 4 (44MM, Grey) AU - Excellent",Apple Watch Series 4,Apple,,,AplWS444MMGryAS-RD-VR-EXD-AU,,,,,,,,,,
"Apple Watch Series 4 (44mm, Rose Gold, Cellular) - Excellent",Apple Watch Series 4,Apple,,,AWTCH444mmRsGCell-RD-VR-EXD-AU,,,,,,,,,,
"Apple Watch Series 4 (44mm, Rose Gold, Cellular) AU - Excellent",Apple Watch Series 4,Apple,,,AWTCH444mmRsGCellAS-RD-VR-EXD-AU,,,,,,,,,,
"Apple Watch Series 4 Aluminum (40mm, Black, Cellular) - Excellent",Apple Watch Series 4,Apple,,,ApWatch4Blck40mmCell-RD-VR-EXD-AU,,,,,,,,,,
"Apple Watch Series 4 Aluminum (40mm, Gold, Cellular) - Excellent",Apple Watch Series 4,Apple,,,ApWtch40mmGoldCell-RD-VR-EXD-AU,,,,,,,,,,
"Apple Watch Series 4 Aluminum (40mm, Gold) - Excellent",Apple Watch Series 4,Apple,,,ApWatch4Almn40RsG-RD-VR-EXD-AU,,,,,,,,,,
"Apple Watch Series 4 Aluminum (40mm, Rose Gold, Cellular) - Excellent",Apple Watch Series 4,Apple,,,ApWtch40mmRsGCell-RD-VR-EXD-AU,,,,,,,,,,
"Apple Watch Series 4 Aluminum (40mm, Rose Gold) - Excellent",Apple Watch Series 4,Apple,,,ApWatch4RsGL40mm-RD-VR-EXD-AU,,,,,,,,,,
"Apple Watch Series 4 Aluminum (40mm, Silver, Cellular) - Excellent",Apple Watch Series 4,Apple,,,ApWtch40mmSilvCell-RD-VR-EXD-AU,,,,,,,,,,
"Apple Watch Series 4 Aluminum (40mm, Silver) - Excellent",Apple Watch Series 4,Apple,,,AppleWatch4Slvr40mm-RD-VR-EXD-AU,,,,,,,,,,
"Apple Watch Series 4 Aluminum (40mm, Space Grey) - Excellent",Apple Watch Series 4,Apple,,,ApWatch4SpG40mm-RD-VR-EXD-AU,,,,,,,https://www.backmarket.com.au/en-au/p/apple-watch-4-th-gen-2018-gps-40-aluminium-space-gray-sport-band-black/635f7cd4-2f9a-4d76-8227-ddaf268dc25f?l=11&variantClicked=true#scroll=false,,,
"Apple Watch Series 4 Aluminum (44mm, Gold, Cellular) - Excellent",Apple Watch Series 4,Apple,,,ApWtch4CellGld44mm-RD-EXD-AU,,,,,,,,,,
"Apple Watch Series 4 Aluminum (44MM, Gold) - Excellent",Apple Watch Series 4,Apple,,,AplWtchS4GPS44MMGld-RD-VR-EXD-AU,,,,,,,,,,
"Apple Watch Series 4 Aluminum (44mm, Silver, Cellular) - Excellent",Apple Watch Series 4,Apple,,,ApWtch4CellSlv44mm-RD-EXD-AU,,,,,,,,,,
"Apple Watch Series 4 Aluminum (44MM, Silver) - Excellent",Apple Watch Series 4,Apple,,,AplWtchS4GPS44MMSlv-RD-VR-EXD-AU,,,,,,,,,,
"Apple Watch Series 4 Aluminum (44MM, Space Grey) - Excellent",Apple Watch Series 4,Apple,,,AplWtchS4GPS44MMSpG-RD-VR-EXD-AU,,,,,,,,,,
"Apple Watch Series 4 Stainless Steel (44mm, Gold, Cellular) - Excellent",Apple Watch Series 4,Apple,,,ApWS444mmStlCelGld-VR-RD-EXD-AU,,,,,,,,,,
"Apple Watch Series 4 Stainless Steel (44mm, Silver, Cellular) - Excellent",Apple Watch Series 4,Apple,,,ApWS444mmStlCelSil-VR-RD-EXD-AU,,,,,,,,,,
"Apple Watch Series 4 Stainless Steel (44mm, Space Grey, Cellular) - Excellent",Apple Watch Series 4,Apple,,,ApWS444mmStlCelSpG-VR-RD-EXD-AU,,,,,,,,,,
"Apple Watch Series 5 (40mm, Black) AU - Excellent",Apple Watch Series 5,Apple,,,ApWatch5Almn40BlkAS-RD-VR-EXD-AU,,,,,,,,,,
"Apple Watch Series 5 (40mm, Gold) - Excellent",Apple Watch Series 5,Apple,,,ApWtch5Gold40mm-RD-EXD-AU,,,,,,,,,,
"Apple Watch Series 5 (40mm, Grey) AU - Excellent",Apple Watch Series 5,Apple,,,ApWatch5Almn40GryAS-RD-VR-EXD-AU,,,,,,,https://www.backmarket.com.au/en-au/p/apple-watch-5-th-gen-2019-gps-40-aluminium-space-gray-sport-band-black/a5080d54-270d-434c-8e79-d31caa29d760?l=11&variantClicked=true#scroll=false,,,
"Apple Watch Series 5 (40mm, Silver) AU - Excellent",Apple Watch Series 5,Apple,,,ApWatch5Almn40SlvAS-RD-VR-EXD-AU,,,,,,,,,,
"Apple Watch Series 5 Alumunium (44MM, Black) AU - Excellent",Apple Watch Series 5,Apple,,,AplWS544MMAlBlkAS-RD-VR-EXD-AU,,,,,,,,https://www.amazon.com.au/dp/B0C2PN2QHF,,
"Apple Watch Series 5 Alumunium (44MM, Gold) AU - Excellent",Apple Watch Series 5,Apple,,,AplWS544MMAlGldAS-RD-VR-EXD-AU,,,,,,,,https://www.amazon.com.au/dp/B09V5C4Y58,,
"Apple Watch Series 5 Alumunium (44MM, Grey) AU - Excellent",Apple Watch Series 5,Apple,,,AplWS544MMAlGryAS-RD-VR-EXD-AU,,,,,,,https://www.backmarket.com.au/en-au/p/apple-watch-5-th-gen-2019-gps-44-aluminium-space-gray-sport-band-black/3a220f14-a8d2-473a-aaaa-f4bb25c41f11?l=11&variantClicked=true#scroll=false,https://www.amazon.com.au/dp/B09T6W965G,,
"Apple Watch Series 5 Alumunium (44MM, Silver) AU - Excellent",Apple Watch Series 5,Apple,,,AplWS544MMAlSlvAS-RD-VR-EXD-AU,,,,,,,,https://www.amazon.com.au/dp/B09T6YH4FS,,
"Apple Watch Series 5 Celullar (40MM, Gold) AU - Excellent",Apple Watch Series 5,Apple,,,AplWS540MMCelGldAS-RD-VR-EXD-AU,,,,,,,,,,
"Apple Watch Series 5 Celullar (44MM, Silver) AU - Excellent",Apple Watch Series 5,Apple,,,AplWS544MMCelSlvAS-RD-VR-EXD-AU,,,,,,,,,,
"Apple Watch Series 7 (41MM, Red) - Excellent",Apple Watch Series 7,Apple,,,AplWtchS741MMGPSRed-RD-VR-EXD-AU,,,,,,,https://www.backmarket.com.au/en-au/p/apple-watch-mm/30009d42-457e-43bf-9373-0432b1bb0aea?l=11&variantClicked=true#scroll=false,,,
"Apple Watch Series 7 (41MM, Silver, Cellular, Stainless) AU - Excellent",Apple Watch Series 7,Apple,,,AplWtchS741MMSlvCelStnls-RD-VR-EXD-AU,,,,,,,,,,
"Apple Watch Series 7 (41MM, Starlight) - Excellent",Apple Watch Series 7,Apple,,,AplWtchS741MMGPSStg-RD-VR-EXD-AU,,,,,,,https://www.backmarket.com.au/en-au/p/apple-watch-7-th-gen-2021-gps-41-aluminium-starlight-sport-band/e0038bea-11c8-41c6-b7b2-b7b2d3a0db69?l=11&variantClicked=true#scroll=false,,,
"Apple Watch Series 7 (45MM, Blue) - Excellent",Apple Watch Series 7,Apple,,,AplWtchS745MMGPSBlu-RD-VR-EXD-AU,,,,,,,https://www.backmarket.com.au/en-au/p/apple-watch-mm/7cb2be62-90b3-4d4f-aa00-59c7c2c527ad?l=11&variantClicked=true#scroll=false,https://www.amazon.com.au/dp/B0C2PNKJP9,,
"Apple Watch Series 7 (45MM, Graphite, Cellular, Stainless) AU - Excellent",Apple Watch Series 7,Apple,,,AplWtchS745MMGrpCelStnls-RD-VR-EXD-AU,,,,,,,,,,
"Apple Watch Series 7 (45MM, Midnight, Cellular) - Excellent",Apple Watch Series 7,Apple,,,AplWtchS745MMCelMid-RD-VR-EXD-AU,,,,,,,,https://www.amazon.com.au/dp/B0DHRNYHRV,,
"Apple Watch Series 7 (45MM, Midnight) - Excellent",Apple Watch Series 7,Apple,,,AplWtchS745MMGPSMid-RD-VR-EXD-AU,,,,,,,https://www.backmarket.com.au/en-au/p/apple-watch-7-th-gen-2021-gps-45-aluminium-midnight-sport-band/056641f4-7935-44a5-896c-6619ef0a993d?l=11&variantClicked=true#scroll=false,https://www.amazon.com.au/dp/B0DHRNDMC2,,
"Apple Watch Series 7 (45MM, Silver, Cellular, Stainless) AU - Excellent",Apple Watch Series 7,Apple,,,AplWtchS745MMSlvCelStnls-RD-VR-EXD-AU,,,,,,,,,,
"Apple Watch Series 7 (45MM, Starlight, Cellular) - Excellent",Apple Watch Series 7,Apple,,,AplWtchS745MMCelStg-RD-VR-EXD-AU,,,,,,,https://www.backmarket.com.au/en-au/p/apple-watch-7-th-gen-2021-gps-cellular-45-aluminium-starlight-sport-band/ed91ab51-2aba-4d4a-a008-fb61b0df7677?l=11&variantClicked=true#scroll=false,https://www.amazon.com.au/dp/B0CPLG6RRJ,,
"Apple Watch Series 7 (45MM, Starlight) - Excellent",Apple Watch Series 7,Apple,,,AplWtchS745MMGPSStg-RD-VR-EXD-AU,,,,,,,https://www.backmarket.com.au/en-au/p/apple-watch-7-th-gen-2021-gps-45-aluminium-starlight-sport-band/138da069-aab5-4a9f-bf6e-c3511ff5c3a8?l=11&variantClicked=true#scroll=false,https://www.amazon.com.au/dp/B0CNSQGGVL,,
"Apple Watch Series 7 (Green, 41MM) AU - Excellent",Apple Watch Series 7,Apple,,,AplWtchS741MMGrnAS-RD-VR-EXD-AU,,,,,,,https://www.backmarket.com.au/en-au/p/apple-watch-mm/6823c23c-c018-471f-95c4-de920d5c122d?l=11&variantClicked=true#scroll=false,https://www.amazon.com.au/dp/B0GD69LMFW,,
"Apple Watch Series 7 (Silver, 41MM) AU - Excellent",Apple Watch Series 7,Apple,,,AplWtchS741MMSlvAS-RD-VR-EXD-AU,,,,,,,,,,
"Apple Watch Series 7 Celular (45MM, Grey) AU - Excellent",Apple Watch Series 7,Apple,,,AplWtchS745MMCelGryAS-RD-VR-EXD-AU,,,,,,,,https://www.amazon.com.au/dp/B0CNSPCCFN,,
"Apple Watch Series 7 Celular (45MM, Silver) AU - Excellent",Apple Watch Series 7,Apple,,,AplWtchS745MMCelSlvAS-RD-VR-EXD-AU,,,,,,,,https://www.amazon.com.au/dp/B0CPLG6RRJ,,
"Apple Watch Series 8 (41MM, Midnight) AU - Excellent",Apple Watch Series 8,Apple,,,AplWS841MMMidAS-RD-VR-EXD-AU,,,,,,,https://www.backmarket.com.au/en-au/p/apple-watch-8-th-gen-2022-gps-41-aluminium-midnight-sport-band/5b8973fd-2117-4383-9885-482bb8367aac?l=11&variantClicked=true#scroll=false,https://www.amazon.com.au/dp/B0DYVWNFPG,,
"Apple Watch Series 8 (41MM, Silver) AU - Excellent",Apple Watch Series 8,Apple,,,AplWS841MMSlvAS-RD-VR-EXD-AU,,,,,,,https://www.backmarket.com.au/en-au/p/apple-watch-mm/d6aa9cbb-8354-4bec-b993-761e5f018eee?l=11&variantClicked=true#scroll=false,https://www.amazon.com.au/dp/B0DYVTYCRN,,
"Apple Watch Series 8 (45MM, Silver) - Excellent",Apple Watch Series 8,Apple,,,AplWtS845MMSlv-RD-VR-EXD-AU,,,,,,,https://www.backmarket.com.au/en-au/p/apple-watch-mm/441371a6-b4f0-4e5d-a45f-997a284a4514?l=11&variantClicked=true#scroll=false,,,
"Apple Watch Series 8 (45MM, Silver) AU - Excellent",Apple Watch Series 8,Apple,,,AWTCH845MMSlvAS-RD-VR-EXD-AU,,,,,,,https://www.backmarket.com.au/en-au/p/apple-watch-mm/441371a6-b4f0-4e5d-a45f-997a284a4514?l=11&variantClicked=true#scroll=false,,,
"Apple Watch Series 8 Cellular (41MM, Silver) AU - Excellent",Apple Watch Series 8,Apple,,,AplWS841MMCelSlvAS-RD-VR-EXD-AU,,,,,,,,,,
"Apple Watch Series 9 Aluminium (41MM, Gold) - Excellent",Apple Watch Series 9,Apple,,,AWTCH941MMGld-RD-VR-EXD-AU,,,,,,,,,,
"Apple Watch Series 9 Aluminium (41MM, Starlight) - Excellent",Apple Watch Series 9,Apple,,,AWTCH941MMStr-RD-VR-EXD-AU,,,,,,,https://www.backmarket.com.au/en-au/p/apple-watch-2023-gps-41-aluminium-starlight-no-band/5565b733-11d5-4dc9-a8d1-05776e47f4c1?l=11&pickerClicked=true#scroll=false,,,
"Apple Watch Series 9 Aluminum (45MM, Pink) - Excellent",Apple Watch Series 9,Apple,,,AWTCH945MMPnk-RD-VR-EXD-AU,,,,,,,https://www.backmarket.com.au/en-au/p/apple-watch-2023-gps-45-aluminium-pink-sport-band/cc33b739-234a-4fb4-b779-b98f7291cb2a?l=11&variantClicked=true&pickerClicked=true#scroll=false,,,
"Apple Watch Series 9 Stainless (45MM, Black) - Excellent",Apple Watch Series 9,Apple,,,AWTCH9STN45MMBlk-RD-VR-EXD-AU,,,,,,,,,,
"Apple Macbook Air 2015 (13"", i5, 128GB, Silver) AU - Pristine",Apple Macbook Air Series,Apple,,,MacAir2015128GBAS-VR-ASN-AU,,,,,,,https://www.backmarket.com.au/en-au/p/macbook-air-13-3-inch-2015-core-i-5-8-gb-ssd-128-qwerty-english/aa427f52-0116-446f-ab07-3edd548b9023?l=10&variantClicked=true#scroll=false,,,
"Apple Macbook Air 2018 (i5, 128GB, 8GB RAM, Space Grey) - Pristine",Apple Macbook Air Series,Apple,,,McAir2018128GBGry-VR-ASN-AU,,,,,,,https://www.backmarket.com.au/en-au/p/macbook-air-retina-13-3-inch-2018-core-i-5-8-gb-ssd-128-qwerty-english/888a07df-fb34-423e-8de2-d239a928016c?l=10&variantClicked=true#scroll=false,,,
"Apple Macbook Air 2018 (i5, 256GB, 8GB RAM, Gold) - Pristine",Apple Macbook Air Series,Apple,,,McAir2018256GBGld-VR-ASN-AU,,,,,,,https://www.backmarket.com.au/en-au/p/macbook-air-retina-13-3-inch-2018-core-i-5-8-gb-ssd-256-qwerty-english/6f80e5df-a3b3-49d5-98e1-c9ef1809cd51?l=10&variantClicked=true#scroll=false,,,
"Apple Macbook Air 2018 (i5, 256GB, 8GB RAM, Space Grey) - Pristine",Apple Macbook Air Series,Apple,,,McAir2018256GBGry-VR-ASN-AU,,,,,,,https://www.backmarket.com.au/en-au/p/macbook-air-retina-13-3-inch-2018-core-i-5-8-gb-ssd-256-qwerty-english/eed8acba-4772-4d01-9c79-72ae330fc2d1?l=10&variantClicked=true#scroll=false,,,
"Apple Macbook Air 2022 (M2, 8GB RAM, 256GB, Grey) - Pristine",Apple Macbook Air Series,Apple,,,MacAir2022M28256GryG-VR-ASN-AU,,,,,,,,,,
"Apple Macbook Air 2022 (M2, 8GB RAM, 256GB, Midnight) - Pristine",Apple Macbook Air Series,Apple,,,MacAir2022M28256MidG-VR-ASN-AU,,,,,,,https://www.backmarket.com.au/en-au/p/macbook-air-13-6-inch-2022-m-28-core-and-8-core-gpu-8-gb-ram-ssd-256-gb-qwerty-english/febf7f0d-8b65-4e68-bff9-5aae0f424332?l=10&variantClicked=true#scroll=false,,,
"Apple Macbook Air 2022 (M2, 8GB RAM, 512GB, Midnight) - Pristine",Apple Macbook Air Series,Apple,,,MacAir2022M28512MidG-VR-ASN-AU,,,,,,,,,,
"Apple Macbook Air M1 2020 13.3"" (8GB RAM, 512GB, Space Grey) AU - Pristine",Apple Macbook Air Series,Apple,,,MacAirM120208512GBSpGAS-RD-VR-ASN-AU,,,,,,,,,,
"Apple Macbook Air 2018 (i5, 128GB, 8GB RAM, Gold) - Excellent",Apple Macbook Air Series,Apple,,,McAir2018128GBGld-RD-VR-EXD-AU,,,,,,https://reebelo.com.au/collections/apple-macbook-air-2018-13.3-inch?skuId=sku-mflc6n63VyMuMvMgVPEm7u0,https://www.backmarket.com.au/en-au/p/macbook-air-retina-13-3-inch-2018-core-i-5-8-gb-ssd-128-qwerty-english/0cd9e9ad-8033-4cb5-abfc-42cbe0f7da09?l=11&variantClicked=true#scroll=false,https://www.amazon.com.au/dp/B0DYG9TBSP,,
"Apple Macbook Air 2018 (i5, 128GB, 8GB RAM, Gold) - Pristine",Apple Macbook Air Series,Apple,,,McAir2018128GBGld-VR-ASN-AU,,,,,,https://reebelo.com.au/collections/apple-macbook-air-2018-13.3-inch?skuId=sku-mq8brkfbh2ZI2BqLv9OCiDM,https://www.backmarket.com.au/en-au/p/macbook-air-retina-13-3-inch-2018-core-i-5-8-gb-ssd-128-qwerty-english/0cd9e9ad-8033-4cb5-abfc-42cbe0f7da09?l=10&variantClicked=true#scroll=false,,,
"Apple Macbook Air 2018 (i5, 128GB, 8GB RAM, Space Grey) - Excellent",Apple Macbook Air Series,Apple,,,McAir2018128GBGry-RD-VR-EXD-AU,,,,,,https://reebelo.com.au/collections/apple-macbook-air-2018-13.3-inch?skuId=sku-mfdd0jxhJslzSxtbQjl7Vym,https://www.backmarket.com.au/en-au/p/macbook-air-retina-13-3-inch-2018-core-i-5-8-gb-ssd-128-qwerty-english/888a07df-fb34-423e-8de2-d239a928016c?l=11&variantClicked=true#scroll=false,https://www.amazon.com.au/dp/B07NPTCNSG,,
"Apple Macbook Air 2018 (i5, 16GB RAM, 512GB, Gold) - Excellent",Apple Macbook Air Series,Apple,,,MacAir2018Gldi5512GB13-RD-VR-EXD-AU,,,,,,https://reebelo.com.au/collections/apple-macbook-air-2018-13.3-inch?skuId=sku-mi78pzwesOIpsxsJRjii0XT,https://www.backmarket.com.au/en-au/p/macbook-air-retina-13-3-inch-2018-core-i-5-16-gb-ssd-512-qwerty-english-us/cdaf2c55-df05-42d1-aa53-7ae9f77baa13?l=11&variantClicked=true#scroll=false,,,
"Apple Macbook Air M1 2020 13"" A2337 (256GB, 8GB RAM, Rose Gold) - Pristine",Apple Macbook Air Series,Apple,,,AMAir20M1A2337GLD256-VR-ASN-AU,,,,,,,,,,
"Apple Macbook Air MGN73ll/a 13.3"" (8GB RAM, 512GB, Gold) Australian Stcok - Pristine",Apple Macbook Air Series,Apple,,,McbkAirMgn732020M18512GldAS-VR-ASN-AU,,,,,,,,,,
"Apple Macbook Air MGN73ll/a 13.3"" (8GB RAM, 512GB, Silver) Australian Stcok - Pristine",Apple Macbook Air Series,Apple,,,McbkAirMgn732020M18512SlvAS-VR-ASN-AU,,,,,,,,,,
"Apple Macbook Air 2018 (i5, 256GB, 8GB RAM, Gold) - Excellent",Apple Macbook Air Series,Apple,,,McAir2018256GBGld-RD-VR-EXD-AU,,,,,,https://reebelo.com.au/collections/apple-macbook-air-2018-13.3-inch?skuId=sku-mflbgdbrfu83ZrRu05Jmmkb,,https://www.amazon.com.au/dp/B07Y8KR89H,,
"Apple Macbook Air MGN73ll/a 13.3"" (8GB RAM, 512GB, Space Gray) Australian Stcok - Pristine",Apple Macbook Air Series,Apple,,,McbkAirMgn732020M18512SpGAS-VR-ASN-AU,,,,,,,https://www.backmarket.com.au/en-au/p/macbook-air-13-3-inch-2020-m-18-core-and-8-core-gpu-8-gb-ram-ssd-512-gb-qwerty/34bf4081-2b88-4db5-8f8a-9a0d47314342?l=10&variantClicked=true#scroll=false,,,
"Apple Macbook Pro 14"" 2021 (M1 PRO, 32GB RAM, 512GB, Silver) - Pristine",Apple Macbook Pro Series,Apple,,,MacPro21Slv32GB512GB14M1-VR-ASN-AU,,,,,,,,,,
"Apple Macbook Pro 16"" 2021 (M1 PRO, 32GB RAM, 512GB, Silver) - Pristine",Apple Macbook Pro Series,Apple,,,MacPro21Slv32GB512GB16M1-VR-ASN-AU,,,,,,,,,,
"Apple Watch SE Cellular (40MM, Gold, Alumunium) - Pristine",Apple Watch SE Series,Apple,,,AplWtchSE40CelGld-VR-ASN-AU,,,,,,,,,,
"Apple Watch SE Cellular (40MM, Space Grey, Alumunium) - Pristine",Apple Watch SE Series,Apple,,,AplWtchSE40CelSpG-VR-ASN-AU,,,,,,,,,,
"Apple Watch SE2 2022 Aluminum (40MM, Gold) AU - Pristine",Apple Watch SE Series,Apple,,,AplWSE2Al40MMGldAS-VR-ASN-AU,,,,,,,,,,
"Apple Watch SE2 2022 Aluminum (40MM, Grey) AU - Pristine",Apple Watch SE Series,Apple,,,AplWSE2Al40MMGryAS-VR-ASN-AU,,,,,,,,,,
"Apple Macbook Air 2018 (i5, 256GB, 8GB RAM, Space Grey) - Excellent",Apple Macbook Air Series,Apple,,,McAir2018256GBGry-RD-VR-EXD-AU,,,,,,https://reebelo.com.au/collections/apple-macbook-air-2018-13.3-inch?skuId=sku-mfd94iiqFSNmqYHxrfXEYqG,https://www.backmarket.com.au/en-au/p/macbook-air-retina-13-3-inch-2018-core-i-5-8-gb-ssd-256-qwerty-english/eed8acba-4772-4d01-9c79-72ae330fc2d1?l=11&variantClicked=true#scroll=false,https://www.amazon.com.au/dp/B0DYG4HFXW,,
"Apple Watch SE2 2022 Aluminum (44MM, Silver) AU - Pristine",Apple Watch SE Series,Apple,,,AplWSE2Al44MMSilAS-VR-ASN-AU,,,,,,,https://www.backmarket.com.au/en-au/p/apple-watch-mm/2bc72c80-2344-4cfd-a19c-5792573368db?l=10&variantClicked=true#scroll=false,,,
"Apple Macbook Air 2018 MRE82LL/A (i5, 8GB RAM, 512GB, Space Grey) - Excellent",Apple Macbook Air Series,Apple,,,ApMCAir132018MRE82i516R512GSpg-EXD-AU,,,,,,https://reebelo.com.au/collections/apple-macbook-air-2018-13.3-inch?skuId=sku-mfnhfas78Tii7Ogywxb0aw9,https://www.backmarket.com.au/en-au/p/macbook-air-retina-13-3-inch-2018-core-i-5-8-gb-ssd-512-qwerty-english/397284b9-e323-462c-8e9b-8d1fdc6f1130?l=11&variantClicked=true#scroll=false,,,
"Apple Watch SE2 2022 Aluminum Cellular (40MM, Gold) AU - Pristine",Apple Watch SE Series,Apple,,,AplWSE2CelAl40MMGldAS-VR-ASN-AU,,,,,,,,,,
"Apple Watch SE2 2022 Aluminum Cellular (40MM, Grey) AU - Pristine",Apple Watch SE Series,Apple,,,AplWSE2CelAl40MMGryAS-VR-ASN-AU,,,,,,,https://www.backmarket.com.au/en-au/p/apple-watch-series-se-2022-gps-cellular-40-aluminium-midnight-sport-band/869aa9ef-9b07-4bc5-b314-2800555b9703?l=10&variantClicked=true#scroll=false,,,
"Apple Macbook Air 2020 (M1, 16GB RAM, 512GB, Space Grey) - Excellent",Apple Macbook Air Series,Apple,,,MacAir132020SpG512GBM1-RD-VR-EXD-AU,,,,,,,,,,
"Apple Macbook Air 2020 (M1, 8GB RAM, 256GB, Gold) - Excellent",Apple Macbook Air Series,Apple,,,MacAir132020Gld256GBM1-RD-VR-EXD-AU,,,,,,https://reebelo.com.au/collections/apple-macbook-air-2020-13.3-inch?skuId=sku-mfh4qxcuPrCmOa8L7ctHa2h,https://www.backmarket.com.au/en-au/p/macbook-air-13-inch-2020-m-18-core-and-7-core-gpu-8-gb-ram-ssd-256-gb-qwerty-english/36cb98c2-8b8b-4085-a057-51e4ac6e7dfc?l=11&variantClicked=true#scroll=false,,,
"Apple Watch SE2 2022 Aluminum Cellular (40MM, Silver) AU - Pristine",Apple Watch SE Series,Apple,,,AplWSE2CelAl40MMSlvAS-VR-ASN-AU,,,,,,,,,,
"Apple Macbook Air 2020 (M1, 8GB RAM, 256GB, Silver) - Excellent",Apple Macbook Air Series,Apple,,,MacAir132020Slv256GBM1-RD-VR-EXD-AU,,,,,,https://reebelo.com.au/collections/apple-macbook-air-2020-13.3-inch?skuId=sku-mfh4ly7us6Z2TAKP8sZ4MgU,https://www.backmarket.com.au/en-au/p/macbook-air-13-inch-2020-m-18-core-and-7-core-gpu-8-gb-ram-ssd-256-gb-qwerty-english/35200356-242a-4eeb-925a-9ff2774d42f1?l=11&variantClicked=true#scroll=false,,,
"Apple Watch Series 3 (38MM, Gold) - Pristine",Apple Watch Series 3,Apple,,,ApWatch4Almn38GldDS-VR-ASN-AU,,,,,,,,,,
"Apple Macbook Air 2020 (M1, 8GB RAM, 256GB, Space Grey) - Excellent",Apple Macbook Air Series,Apple,,,MacAir132020SpG256GBM1-RD-VR-EXD-AU,,,,,,https://reebelo.com.au/collections/apple-macbook-air-2020-13.3-inch?skuId=sku-mfh4k7otcoUgVDmC7VRTI2W,https://www.backmarket.com.au/en-au/p/macbook-air-13-inch-2020-m-18-core-and-7-core-gpu-8-gb-ram-ssd-256-gb-qwerty-english/5db61bd5-12be-43d9-8533-deef5d6cc035?l=11&variantClicked=true#scroll=false,,,
"Apple Watch Series 3 (38MM, Silver) - Pristine",Apple Watch Series 3,Apple,,,ApWatch4Almn38SilDS-VR-ASN-AU,,,,,,,,,,
"Apple Watch Series 3 (42MM, Grey) - Pristine",Apple Watch Series 3,Apple,,,ApWatch342GryDS-VR-ASN-AU,,,,,,,,,,
"Apple Macbook Air 2020 (M1, 8GB RAM, 512GB, Silver) - Excellent",Apple Macbook Air Series,Apple,,,MacAir132020Slv512GBM1-RD-VR-EXD-AU,,,,,,https://reebelo.com.au/collections/apple-macbook-air-2020-13.3-inch?skuId=sku-mfh4rkwve8GEh3d1B86swY5,,,,
"Apple Watch Series 3 (42MM, Silver) - Pristine",Apple Watch Series 3,Apple,,,ApWatch342SilDS-VR-ASN-AU,,,,,,,,,,
"Apple Macbook Air M1 2020 13.3"" (8GB RAM, 256GB, Space Grey) AU - Pristine",Apple Macbook Air Series,Apple,,,MacAirM120208256GBSpGAS-RD-VR-ASN-AU,,,,,,,https://www.backmarket.com.au/en-au/p/macbook-air-13-inch-2020-m-18-core-and-7-core-gpu-8-gb-ram-ssd-256-gb-qwerty-english/5db61bd5-12be-43d9-8533-deef5d6cc035?l=10&variantClicked=true#scroll=false,,,
"Apple Watch Series 4 (40mm, Black, Cellular) - Pristine",Apple Watch Series 4,Apple,,,ApWatch4Blck40mmCell-VR-ASN-AU,,,,,,,,,,
"Apple Watch Series 4 (40MM, Gold) - Pristine",Apple Watch Series 4,Apple,,,ApWatch4Almn40RsGDS-VR-ASN-AU,,,,,,,,,,
"Apple Macbook Air M1 2020 13"" A2337 (256GB, 8GB RAM, Grey) - Excellent",Apple Macbook Air Series,Apple,,,AMAir20M1A2337GRY256-RD-VR-EXD-AU,,,,,,https://reebelo.com.au/collections/apple-macbook-air-2020-13.3-inch?skuId=sku-mfh4k7otcoUgVDmC7VRTI2W,,,,
"Apple Watch Series 4 (40mm, Rose Gold, Cellular) - Pristine",Apple Watch Series 4,Apple,,,ApWtch40mmRsGCell-VR-ASN-AU,,,,,,,,,,
"Apple Watch Series 4 (40MM, Rose Gold) AU - Pristine",Apple Watch Series 4,Apple,,,ApWatch4RsGL40mm-VR-ASN-AU,,,,,,,,,,
"Apple Watch Series 4 (40mm, Silver, Cellular) - Pristine",Apple Watch Series 4,Apple,,,ApWtch40mmSilvCell-VR-ASN-AU,,,,,,,,,,
"Apple Macbook Air M1 2020 13"" A2337 (256GB, 8GB RAM, Grey) - Pristine",Apple Macbook Air Series,Apple,,,AMAir20M1A2337GRY256-VR-ASN-AU,,,,,,,,,,
"Apple Watch Series 4 (40MM, Silver) AU - Pristine",Apple Watch Series 4,Apple,,,AppleWatch4Slvr40mm-VR-ASN-AU,,,,,,,,,,
"Apple Watch Series 4 (40MM, Space Grey) AU - Pristine",Apple Watch Series 4,Apple,,,ApWatch4SpG40mm-VR-ASN-AU,,,,,,,,,,
"Apple Macbook Air Mid 2017 (i5, 8GB RAM, 512GB) - Excellent",Apple Macbook Air Series,Apple,,,MacAirMQD42i58512GB13-RD-EXD-AU,,,,,,https://reebelo.com.au/collections/apple-macbook-air-2017-13.3-inch?skuId=sku-mi7872ztoi5dfIpG9KKPie6,,,,
"Apple Watch Series 4 (44mm, Black, Cellular) - Pristine",Apple Watch Series 4,Apple,,,AWTCH4Blck44mmCell-VR-ASN-AU,,,,,,,,,,
"Apple Macbook Pro 2019 (i7, 16GB RAM, 256GB,  15"", Touch Bar) - Excellent",Apple Macbook Pro Series,Apple,,,MacPro2019i7256GB15-RD-VR-EXD-AU,,,,,,https://reebelo.com.au/collections/apple-macbook-pro-2019-15.4-inch?skuId=sku-mflc5qanmMXomG01T9Sg7ur,https://www.backmarket.com.au/en-au/p/macbook-pro-retina-15-4-inch-2019-core-i-7-16-gb-ssd-256-qwerty-english/f9ff2029-a993-4e3b-a9fb-46de61d5c3f5?l=11&variantClicked=true&pickerClicked=true#scroll=false,,,
"Apple Watch Series 4 (44mm, Black, Cellular) AU - Pristine",Apple Watch Series 4,Apple,,,AWTCH4Blck44mmCellAS-VR-ASN-AU,,,,,,,,,,
"Apple Watch Series 4 (44mm, Gold, Cellular) AU - Pristine",Apple Watch Series 4,Apple,,,AWTCH444mmGldCellAS-VR-ASN-AU,,,,,,,,,,
"Apple Macbook Pro 2020 (i5, 8GB RAM, 512GB)- Excellent",Apple Macbook Pro Series,Apple,,,MacPro2020i5512GB-RD-EXD-AU,,,,,,https://reebelo.com.au/collections/apple-macbook-pro-2020-13-inch?skuId=sku-mflbx69psL8WG0RRVT6WMVu,https://www.backmarket.com.au/en-au/p/macbook-pro-retina-13-3-inch-2020-core-i-5-8-gb-ssd-512-qwerty-english/0cf75d65-930d-4c0c-8ebb-ba3446622723?l=11&variantClicked=true#scroll=false,,,
"Apple Watch Series 4 (44mm, Grey) - Pristine",Apple Watch Series 4,Apple,,,ApWatch4GPS44SGry-VR-ASN-AU,,,,,,,,,,
"Apple Watch Series 4 (44mm, Rose Gold, Cellular) - Pristine",Apple Watch Series 4,Apple,,,AWTCH444mmRsGCell-VR-ASN-AU,,,,,,,,,,
"Apple Macbook Pro 2020 (i7, 16GB RAM, 512GB) - Excellent",Apple Macbook Pro Series,Apple,,,MacPro2020i716512GB13-RD-EXD-AU,,,,,,https://reebelo.com.au/collections/apple-macbook-pro-2020-13-inch?skuId=sku-mflcioq2Vx5L4KeKUnRfGPg,https://www.backmarket.com.au/en-au/p/macbook-pro-retina-13-3-inch-2020-core-i-7-16-gb-ssd-512-qwerty-english/c5288671-d6bb-4778-8459-a4c04bfd4cf2?l=11&variantClicked=true#scroll=false,,,
"Apple Watch Series 5 (40mm, Black) AU - Pristine",Apple Watch Series 5,Apple,,,ApWatch5Almn40BlkAS-VR-ASN-AU,,,,,,,,,,
"Apple Watch Series 6 (40MM, Black) AU - Excellent",Apple Watch Series 6,Apple,,,AplWS640MMBlackAS-RD-VR-EXD-AU,,,,,,https://reebelo.com.au/collections/apple-watch-series-6?skuId=sku-mflbeklgF16i5sstGo76FOy,,,,
"Apple Watch Series 5 (40mm, Gold) - Pristine",Apple Watch Series 5,Apple,,,ApWatch5Almn40Gld-VR-ASN-AU,,,,,,,https://www.backmarket.com.au/en-au/p/apple-watch-mm/3282dfb2-0ffb-4dc9-8f44-b2da5f690421?l=10&variantClicked=true#scroll=false,,,
"Apple Watch Series 6 (40MM, Blue) AU - Excellent",Apple Watch Series 6,Apple,,,AplWS640MMBlueAS-RD-VR-EXD-AU,,,,,,https://reebelo.com.au/collections/apple-watch-series-6?skuId=sku-mi78tm6lAHbGqCDhN0g9MhL,https://www.backmarket.com.au/en-au/p/apple-watch-mm/892868b9-615c-4184-80cc-9fbcf25fdb34?l=11&variantClicked=true#scroll=false,,,
"Apple Watch Series 5 (40mm, Grey) AU - Pristine",Apple Watch Series 5,Apple,,,ApWatch5Almn40GryAS-VR-ASN-AU,,,,,,,https://www.backmarket.com.au/en-au/p/apple-watch-5-th-gen-2019-gps-40-aluminium-space-gray-sport-band-black/a5080d54-270d-434c-8e79-d31caa29d760?l=10&variantClicked=true#scroll=false,,,
"Apple Watch Series 7 (41MM, Midnight, Cellular) - Excellent",Apple Watch Series 7,Apple,,,AplWtchS741MMCelMid-RD-VR-EXD-AU,,,,,,https://reebelo.com.au/collections/apple-watch-series-7?skuId=sku-mhmzk7p9XF09bKr4LpJWLuL,https://www.backmarket.com.au/en-au/p/apple-watch-7-th-gen-2021-gps-cellular-41-aluminium-midnight-sport-band/d03a2605-be25-42cb-b2eb-7f983e78a938?l=11&variantClicked=true&pickerClicked=true#scroll=false,https://www.amazon.com.au/dp/B0DHRNYVV2,,
"Apple Watch Series 5 (40mm, Silver) AU - Pristine",Apple Watch Series 5,Apple,,,ApWatch5Almn40SlvAS-VR-ASN-AU,,,,,,,,,,
"Apple Watch Series 5 Alumunium (44MM, Black) AU - Pristine",Apple Watch Series 5,Apple,,,AplWS544MMAlBlkAS-VR-ASN-AU,,,,,,,,,,
"Apple Watch Series 5 Alumunium (44MM, Gold) AU - Pristine",Apple Watch Series 5,Apple,,,AplWS544MMAlGldAS-VR-ASN-AU,,,,,,,,,,
"Apple Watch Series 5 Alumunium (44MM, Grey) AU - Pristine",Apple Watch Series 5,Apple,,,AplWS544MMAlGryAS-VR-ASN-AU,,,,,,,https://www.backmarket.com.au/en-au/p/apple-watch-5-th-gen-2019-gps-44-aluminium-space-gray-sport-band-black/3a220f14-a8d2-473a-aaaa-f4bb25c41f11?l=10&variantClicked=true#scroll=false,,,
"Apple Watch Series 7 (41MM, Midnight) - Excellent",Apple Watch Series 7,Apple,,,AplWtchS741MMGPSMid-RD-VR-EXD-AU,,,,,,https://reebelo.com.au/collections/apple-watch-series-7?skuId=sku-mfqmhiecAxUKbMLFFWdY1uc,https://www.backmarket.com.au/en-au/p/apple-watch-7-th-gen-2021-gps-41-aluminium-midnight-sport-band/4e0f02ff-04ee-45e4-b68f-1e3ee731c551?l=11&variantClicked=true#scroll=false,,,
"Apple Watch Series 5 Alumunium (44MM, Silver) AU - Pristine",Apple Watch Series 5,Apple,,,AplWS544MMAlSlvAS-VR-ASN-AU,,,,,,,,,,
"Apple Watch Series 5 Celullar (40MM, Gold) AU - Pristine",Apple Watch Series 5,Apple,,,AplWS540MMCelGldAS-VR-ASN-AU,,,,,,,,,,
"Apple Watch Series 5 Celullar (44MM, Silver) AU - Pristine",Apple Watch Series 5,Apple,,,AplWS544MMCelSlvAS-VR-ASN-AU,,,,,,,,,,
"Apple Watch Series 7 (41MM, Silver, Cellular, Stainless) - Excellent",Apple Watch Series 7,Apple,,,AplWtcS741MMSlvCelStns-RD-VR-EXD-AU,,,,,,https://reebelo.com.au/collections/apple-watch-series-7?skuId=sku-mhmzj11zlXFyUF8ypNtJA2n,,,,
"Apple Watch Series 6 (40MM, Black) AU - Pristine",Apple Watch Series 6,Apple,,,AplWS640MMBlackAS-VR-ASN-AU,,,,,,,,,,
"Apple Watch Series 7 (45MM, Graphite, Cellular, Stainless) - Excellent",Apple Watch Series 7,Apple,,,AplWtcS745MMGrpCelStns-RD-VR-EXD-AU,,,,,,https://reebelo.com.au/collections/apple-watch-series-7?skuId=sku-mint8zicOIbzAIXZgis5Q3d,https://www.backmarket.com.au/en-au/p/apple-watch-series-7-2021-gps-cellular-45-stainless-steel-graphite-sport-band/37df7e51-9e9e-49be-be1a-c6c19e8cb0ac?l=11&variantClicked=true&pickerClicked=true#scroll=false,,,
"Apple Watch Series 6 (40MM, Blue) AU - Pristine",Apple Watch Series 6,Apple,,,AplWS640MMBlueAS-VR-ASN-AU,,,,,,,https://www.backmarket.com.au/en-au/p/apple-watch-mm/892868b9-615c-4184-80cc-9fbcf25fdb34?l=10&variantClicked=true#scroll=false,,,
"Apple Watch Series 6 (44MM, Black, Cellular) - Pristine",Apple Watch Series 6,Apple,,,AplWS644MmCellBlack-VR-ASN-AU,,,,,,,,,,
"Apple Watch Series 6 (44MM, Black) - Pristine",Apple Watch Series 6,Apple,,,AplWS644MmBlack-VR-ASN-AU,,,,,,,,,,
"Apple Watch Series 7 (45MM, Silver, Cellular, Stainless) - Excellent",Apple Watch Series 7,Apple,,,AplWtcS745MMSlvCelStns-RD-VR-EXD-AU,,,,,,https://reebelo.com.au/collections/apple-watch-series-7?skuId=sku-mi6aab1raQFJOy6KM1qo8Tx,,,,
"Apple Watch Series 7 (Blue, 41MM) AU - Excellent",Apple Watch Series 7,Apple,,,AplWtchS741MMBluAS-RD-VR-EXD-AU,,,,,,https://reebelo.com.au/collections/apple-watch-series-7?skuId=sku-mflcyyn0jDyL2JtndSuPlcQ,https://www.backmarket.com.au/en-au/p/apple-watch-7-th-gen-2021-gps-41-aluminium-blue-sport-band/cf837878-d7fa-4bab-8ecd-b957516d9bb2?l=11&variantClicked=true#scroll=false,,,
"Apple Watch Series 8 (41MM, Midnight) - Excellent",Apple Watch Series 8,Apple,,,AplWtS841MMMid-RD-VR-EXD-AU,,,,,,https://reebelo.com.au/collections/apple-watch-series-8?skuId=sku-mfda1aklwm1YJO0quwwxxyS,https://www.backmarket.com.au/en-au/p/apple-watch-8-th-gen-2022-gps-41-aluminium-midnight-sport-band/5b8973fd-2117-4383-9885-482bb8367aac?l=11&variantClicked=true#scroll=false,,,
"Apple Watch Series 6 (44MM, Blue, Cellular) - Pristine",Apple Watch Series 6,Apple,,,AplWS644MmCellBlu-VR-ASN-AU,,,,,,,,,,
"Apple Watch Series 8 (41MM, Midnight) - Pristine",Apple Watch Series 8,Apple,,,AplWS841MMMid-VR-ASN-AU,,,,,,,https://www.backmarket.com.au/en-au/p/apple-watch-8-th-gen-2022-gps-41-aluminium-midnight-sport-band/5b8973fd-2117-4383-9885-482bb8367aac?l=10&variantClicked=true&pickerClicked=true#scroll=false,,,
"Apple Watch Series 6 (44MM, Blue) - Pristine",Apple Watch Series 6,Apple,,,AplWS644MmBlu-VR-ASN-AU,,,,,,,,,,
"Apple Watch Series 8 (41MM, Midnight) AU - Pristine",Apple Watch Series 8,Apple,,,AplWS841MMMidAS-VR-ASN-AU,,,,,,,https://www.backmarket.com.au/en-au/p/apple-watch-8-th-gen-2022-gps-41-aluminium-midnight-sport-band/5b8973fd-2117-4383-9885-482bb8367aac?l=10&variantClicked=true#scroll=false,,,
"Apple Watch Series 6 (44MM, Space Grey, Cellular) - Pristine",Apple Watch Series 6,Apple,,,AplWS644MmCellSG-VR-ASN-AU,,,,,,,,,,
"Apple Watch Series 8 (41MM, Silver) - Excellent",Apple Watch Series 8,Apple,,,AplWtS841MMSlv-RD-VR-EXD-AU,,,,,,https://reebelo.com.au/collections/apple-watch-series-8?skuId=sku-mh2yo23hjWWZXtXezMrboKf,https://www.backmarket.com.au/en-au/p/apple-watch-mm/d6aa9cbb-8354-4bec-b993-761e5f018eee?l=11&variantClicked=true#scroll=false,,,
"Apple Watch Series 6 (44MM, Space Grey) - Pristine",Apple Watch Series 6,Apple,,,AplWS644MmSG-VR-ASN-AU,,,,,,,,,,
"Apple Watch Series 7 (41MM, Silver, Cellular, Stainless) -Pristine",Apple Watch Series 7,Apple,,,AplWtchS741MMSlvCelStnls-VR-ASN-AU,,,,,,,,,,
"Apple Watch Series 8 (45MM, Black) AU - Excellent",Apple Watch Series 8,Apple,,,AWTCH845MMBlkAS-RD-VR-EXD-AU,,,,,,https://reebelo.com.au/collections/apple-watch-series-8?skuId=sku-mesme8flp449QMmtotYDuNJ,,https://www.amazon.com.au/dp/B0BDJ4HY88,,
"Apple Watch Series 7 (45MM, Graphite, Cellular, Stainless) - Pristine",Apple Watch Series 7,Apple,,,AplWtchS745MMGrpCelStns-VR-ASN-AU,,,,,,,https://www.backmarket.com.au/en-au/p/apple-watch-series-7-2021-gps-cellular-45-stainless-steel-graphite-sport-band/37df7e51-9e9e-49be-be1a-c6c19e8cb0ac?l=10&variantClicked=true&pickerClicked=true#scroll=false,,,
"Apple Watch Series 7 (45MM, Silver, Cellular, Stainless) AU - Pristine",Apple Watch Series 7,Apple,,,AplWtchS745MMSlvCelStnls-VR-ASN-AU,,,,,,,,,,
"Apple Watch Series 8 Cellular (41MM, Graphite) - Pristine",Apple Watch Series 8,Apple,,,AplWS841MMCelGrpht-VR-ASN-AU,,,,,,,,,,
"Apple Watch Series 7 (Blue, 41MM) AU - Pristine",Apple Watch Series 7,Apple,,,AplWtchS741MMBluAS-VR-ASN-AU,,,,,,,https://www.backmarket.com.au/en-au/p/apple-watch-7-th-gen-2021-gps-41-aluminium-blue-sport-band/cf837878-d7fa-4bab-8ecd-b957516d9bb2?l=10&variantClicked=true#scroll=false,,,
"Apple Watch Series 7 (Blue, 45MM, GPS) - Pristine",Apple Watch Series 7,Apple,,,AplWtchS745MMGPSBlu-VR-ASN-AU,,,,,,,,,,
"Apple Watch Series 7 (Green, 41MM) AU - Pristine",Apple Watch Series 7,Apple,,,AplWtchS741MMGrnAS-VR-ASN-AU,,,,,,,https://www.backmarket.com.au/en-au/p/apple-watch-mm/6823c23c-c018-471f-95c4-de920d5c122d?l=10&variantClicked=true#scroll=false,,,
"Apple Watch Series 7 (Midnight, 45MM, GPS) - Pristine",Apple Watch Series 7,Apple,,,AplWtchS745MMGPSMid-VR-ASN-AU,,,,,,,,,,
"Apple Watch Series 8 Cellular (41MM, Midnight) - Pristine",Apple Watch Series 8,Apple,,,AplWS841MMCelMidnht-VR-ASN-AU,,,,,,https://reebelo.com.au/collections/apple-watch-series-8?skuId=sku-mq8brx30mrvcJ1Qbxomlf2P,,,,
"Apple Watch Series 8 Cellular (41MM, Silver) - Pristine",Apple Watch Series 8,,,,AplWS841MMCelSlv-VR-ASN-AU,,,,,,,,,,
"Apple Watch Series 8 Cellular (41MM, Silver) AU - Pristine",Apple Watch Series 8,Apple,,,AplWS841MMCelSlvAS-VR-ASN-AU,,,,,,,,,,
"Apple Watch Series 7 (Silver, 41MM) AU - Pristine",Apple Watch Series 7,Apple,,,AplWtchS741MMSlvAS-VR-ASN-AU,,,,,,,,,,
"Apple Watch Series 7 (Starlight, 45MM, GPS) - Pristine",Apple Watch Series 7,Apple,,,AplWtchS745MMGPSStg-VR-ASN-AU,,,,,,,,,,
"Apple Watch Series 8 Cellular (41MM, Starlight) - Excellent",Apple Watch Series 8,Apple,,,AplWS841MMCelStrlght-RD-VR-EXD-AU,,,,,,https://reebelo.com.au/collections/apple-watch-series-8?skuId=sku-mfda18ss4PAfpuShmzseeEc,,https://www.amazon.com.au/dp/B0CMZ9LWDF,,
"Apple Watch Series 7 Cellular (41MM, Green) - Pristine",Apple Watch Series 7,Apple,,,AplWS7Cel41MMGrn-VR-ASN-AU,,,,,,,,,,
"Apple Watch Series 8 Cellular (45MM, Black) - Pristine",Apple Watch Series 8,Apple,,,AplWS845MMCelBlk-VR-ASN-AU,,,,,,https://reebelo.com.au/collections/apple-watch-series-8?skuId=sku-mq8bs80tKaN4cDnRgvSnJMH,https://www.backmarket.com.au/en-au/p/apple-watch-8-th-gen-2022-gps-cellular-45-aluminium-midnight-sport-band/632986d5-f8ff-49d0-b36f-8d4891343432?l=10&variantClicked=true&pickerClicked=true#scroll=false,,,
"Apple Watch Series 7 Cellular (41MM, Grey) - Pristine",Apple Watch Series 7,Apple,,,AplWS7Cel41MMGry-VR-ASN-AU,,,,,,,,,,
"Apple Watch Series 8 Cellular (45MM, Silver) - Pristine",Apple Watch Series 8,Apple,,,AplWS845MMCelSlv-VR-ASN-AU,,,,,,,,,,
"Apple Watch Series 9 Aluminium (41MM, Black) - Excellent",Apple Watch Series 9,Apple,,,AWTCH941MMBlk-RD-VR-EXD-AU,,,,,,,,,,
"Apple Watch Series 9 Aluminium (45MM, Celullar, Graphite) - Pristine",Apple Watch Series 9,Apple,,,ApWtS9Al45MMCellGrp-VR-ASN-AU,,,,,,,,,,
"Apple Watch Series 7 Cellular (41MM, Red) - Pristine",Apple Watch Series 7,Apple,,,AplWS7Cel41MMRed-VR-ASN-AU,,,,,,,,,,
"Apple Watch Series 9 Aluminum (45MM, Black) - Excellent",Apple Watch Series 9,Apple,,,AWTCH945MMBlk-RD-VR-EXD-AU,,,,,,,https://www.backmarket.com.au/en-au/p/apple-watch-2023-gps-45-aluminium-midnight-sport-band/69f83e49-1276-4abd-9d4c-332e7c7458d4?l=11&variantClicked=true#scroll=false,,,
"Apple Watch Series 7 Cellular (41MM, Silver) - Pristine",Apple Watch Series 7,Apple,,,AplWS7Cel41MMSlv-VR-ASN-AU,,,,,,,,,,
"Apple Watch Series 7 Celular (45MM, Gold) - Pristine",Apple Watch Series 7,Apple,,,AplWtchS745MMCelGld-VR-ASN-AU,,,,,,,,,,
"Apple Watch Series 9 Aluminum (45MM, Black) - Pristine",Apple Watch Series 9,Apple,,,AWTCH945MMBlk-VR-ASN-AU,,,,,,,https://www.backmarket.com.au/en-au/p/apple-watch-2023-gps-45-aluminium-midnight-sport-band/69f83e49-1276-4abd-9d4c-332e7c7458d4?l=10&variantClicked=true&pickerClicked=true#scroll=false,,,
"Apple Watch Series 7 Celular (45MM, Grey) - Pristine",Apple Watch Series 7,Apple,,,AplWtchS745MMCelGry-VR-ASN-AU,,,,,,,,,,
"Apple Watch Series 7 Celular (45MM, Midnight) - Pristine",Apple Watch Series 7,Apple,,,AplWtchS745MMCelMid-VR-ASN-AU,,,,,,,,,,
"Apple Watch Ultra Titanium Cellular (49MM, Titanium) AU - Excellent",Apple Watch Ultra Series,Apple,,,AplWUltTn49MMCelTnmAS-RD-VR-EXD-AU,,,,,,,https://www.backmarket.com.au/en-au/p/apple-watch-1-st-gen-2022-gps-cellular-49-titanium-titanium-sport-loop/77bc94b5-f8e4-4968-9194-53006e56c621?l=11&variantClicked=true#scroll=false,,,
"Apple Watch Series 7 Celular (45MM, Silver) - Pristine",Apple Watch Series 7,Apple,,,AplWtchS745MMCelSlv-VR-ASN-AU,,,,,,,,,,
"Apple Watch Series 8 (41MM, Silver) - Pristine",Apple Watch Series 8,Apple,,,AplWS841MMSlv-VR-ASN-AU,,,,,,,,,,
"Apple Watch Series 8 (45MM, Black) - Pristine",Apple Watch Series 8,Apple,,,AWTCH845MMBlk-VR-ASN-AU,,,,,,,,,,
"Apple Watch Series 8 (45MM, Silver) - Pristine",Apple Watch Series 8,Apple,,,AWTCH845MMSlv-VR-ASN-AU,,,,,,,https://www.backmarket.com.au/en-au/p/apple-watch-mm/441371a6-b4f0-4e5d-a45f-997a284a4514?l=10&variantClicked=true&pickerClicked=true#scroll=false,,,
"Apple Watch Series 8 Cellular (41MM, Gold) - Pristine",Apple Watch Series 8,Apple,,,AplWS841MMCelGld-VR-ASN-AU,,,,,,,,,,
"Apple Watch Series 8 Cellular (41MM, Starlight) - Pristine",Apple Watch Series 8,Apple,,,AplWS841MMCelStrlght-VR-ASN-AU,,,,,,,,,,
"Apple Watch Series 8 Cellular (45MM, Gold) - Pristine",Apple Watch Series 8,Apple,,,AplWS845MMCelGld-VR-ASN-AU,,,,,,,,,,
"Apple Watch Series 9 Aluminium (41MM, Black) - Pristine",Apple Watch Series 9,Apple,,,AWTCH941MMBlk-VR-ASN-AU,,,,,,,,,,
"Apple Watch Series 9 Aluminium (45MM, Celullar, Rose Gold) - Pristine",Apple Watch Series 9,Apple,,,ApWtS9Al45MMCellRSe-VR-ASN-AU,,,,,,,,,,
"Apple Watch Series 9 Aluminium (45MM, Celullar, Silver) - Pristine",Apple Watch Series 9,Apple,,,ApWtS9Al45MMCellSil-VR-ASN-AU,,,,,,,,,,
"Apple Watch Series 9 Aluminum (45MM, Pink) - Pristine",Apple Watch Series 9,Apple,,,AWTCH945MMPnk-VR-ASN-AU,,,,,,,https://www.backmarket.com.au/en-au/p/apple-watch-2023-gps-45-aluminium-pink-sport-band/cc33b739-234a-4fb4-b779-b98f7291cb2a?l=10&variantClicked=true&pickerClicked=true#scroll=false,,,
"Apple Watch Series 9 Aluminum Cellular (41MM, Black) - Pristine",Apple Watch Series 9,Apple,,,AWTCH941MMCLLBlk-VR-ASN-AU,,,,,,,,,,
"Apple Watch Series 9 Stainless (45MM, Black) - Pristine",Apple Watch Series 9,Apple,,,AWTCH9STN45MMBlk-VR-ASN-AU,,,,,,,,,,
"Apple Watch Ultra Titanium Cellular (49MM, Titanium) AU - Pristine",Apple Watch Ultra Series,Apple,,,AplWUltTn49MMCelTnmAS-VR-ASN-AU,,,,,,,https://www.backmarket.com.au/en-au/p/apple-watch-1-st-gen-2022-gps-cellular-49-titanium-titanium-sport-loop/77bc94b5-f8e4-4968-9194-53006e56c621?l=10&variantClicked=true#scroll=false,,,
"Samsung Galaxy Watch 4 (44MM, Green, Bluetooth) - Excellent",Samsung Galaxy Watch4,Samsung,,,SamGalWtch4Bth44MMGrn-RD-VR-EXD-AU,,,,,,,,,,
"Samsung Galaxy Watch 4 Cellular (46MM, Black) - Excellent",Samsung Galaxy Watch4,Samsung,,,SGlxWtch446MMCCelBlk-RD-VR-EXD-AU,,,,,,,,,,
"Samsung Galaxy Watch 5 (44MM, Graphite, Aluminum) AU - Excellent",Samsung Galaxy Watch5,Samsung,,,SWTCH544MMGrptAS-RD-VR-EXD-AU,,,,,,,,https://www.amazon.com.au/dp/B0CTT72Z5P,,
"Samsung Galaxy Watch 5 Pro Cellular (45MM, Silver) AU - Excellent",Samsung Galaxy Watch5,Samsung,,,SGlxW5ProCel45MMSlvAS-RD-VR-EXD-AU,,,,,,,,,,
"Samsung Galaxy Watch Active2 (40MM, Black) - Excellent",Samsung Galaxy Watch Active,Samsung,,,GlxWAct240MMBthBlk-RD-VR-EXD-AU,,,,,,,,,,
"Samsung Galaxy Watch Active2 (40MM, Gold) - Excellent",Samsung Galaxy Watch Active,Samsung,,,GlxWAct240MMBthGld-RD-VR-EXD-AU,,,,,,,,,,
"Samsung Galaxy Watch Active2 (44MM, Black) - Excellent",Samsung Galaxy Watch Active,Samsung,,,GlxWAct244MMBthBlk-RD-VR-EXD-AU,,,,,,,,,,
"Samsung Galaxy Watch Active2 (44MM, Gold) - Excellent",Samsung Galaxy Watch Active,Samsung,,,GlxWAct244MMBthGld-RD-VR-EXD-AU,,,,,,,,,,
"Samsung Galaxy Watch Active2 Cellular (40MM, Black) - Excellent",Samsung Galaxy Watch Active,Samsung,,,GlxWAct240MMCelBlk-RD-VR-EXD-AU,,,,,,,,,,
"Samsung Galaxy Watch Active2 Cellular (40MM, Gold) - Excellent",Samsung Galaxy Watch Active,Samsung,,,GlxWAct240MMCelGld-RD-VR-EXD-AU,,,,,,,,,,
"Samsung Galaxy Watch Gear S3 (46MM, Black) AU - Excellent",Samsung Galaxy Watch Gear,Samsung,,,SGlxWGrS346MMBlkAS-RD-VR-EXD-AU,,,,,,,,,,
"Samsung Galaxy Watch Series 5 Aluminum (40mm, Pink Gold) AU - Excellent",Samsung Galaxy Watch5,Samsung,,,SGlxW540MMALPnkAS-RD-VR-EXD-AU,,,,,,,,,,
"Samsung Galaxy Watch Series 5 Aluminum (40MM, Silver) AU - Excellent",Samsung Galaxy Watch5,Samsung,,,SGlxW540MMALSlvAS-RD-VR-EXD-AU,,,,,,,,,,
"Samsung Galaxy Watch Series 6 Alumunium (40MM, Graphite Black) AU - Excellent",Samsung Galaxy Watch6,Samsung,,,SGlxW640MMASBlk-RD-VR-EXD-AU,,,,,,,,https://www.amazon.com.au/dp/B0D1CNWP8F,,
"Samsung Galaxy Watch Series 6 Alumunium (40MM, Silver) AU - Excellent",Samsung Galaxy Watch6,Samsung,,,SGlxW640MMASSlv-RD-VR-EXD-AU,,,,,,,,,,
"Samsung Galaxy Watch Stainless Steel (46MM, Silver) AU - Excellent",Samsung Galaxy Watch,Samsung,,,SGlxW46MMStnSlvAS-RD-VR-EXD-AU,,,,,,,,,,
"Samsung Galaxy Watch3 Cellular Stainless Steel (41MM, Black) AU - Excellent",Samsung Galaxy Watch3,Samsung,,,SW3STNCel41MMBlckAS-RD-VR-EXD-AU,,,,,,,,,,
"Samsung Galaxy Watch3 Stainless Steel (45MM, Black) AU - Excellent",Samsung Galaxy Watch3,Samsung,,,SGlxW345MMSTNBlkAS-RD-VR-EXD-AU,,,,,,,,,,
"Samsung Galaxy Watch4 (40MM, Bluetooth, Pink) - Excellent",Samsung Galaxy Watch4,Samsung,,,SGlxWtch4Bth40MMPnk-RD-VR-EXD-AU,,,,,,,,https://www.amazon.com.au/dp/B0CJCKTFS7,,
"Samsung Galaxy Watch4 (42MM, Silver) - Excellent",Samsung Galaxy Watch4,Samsung,,,SGlxWtch442MMCBthSlv-RD-VR-EXD-AU,,,,,,,,,,
"Samsung Galaxy Watch4 Aluminum (44mm, Green) AU - Excellent",Samsung Galaxy Watch4,Samsung,,,SWATCH444MMAuSGrn-RD-VR-EXD-AU,,,,,,,,https://www.amazon.com.au/dp/B09C117TM3,,
"Samsung Galaxy Watch4 Cellular (40MM, Black) - Excellent",Samsung Galaxy Watch4,Samsung,,,SGlxWtch4Cel40MMBlk-RD-VR-EXD-AU,,,,,,,,,,
"Samsung Galaxy Watch4 Cellular (40MM, Gold) - Excellent",Samsung Galaxy Watch4,Samsung,,,SGlxWtch4Cel40MMGld-RD-VR-EXD-AU,,,,,,,,,,
"Samsung Galaxy Watch4 Cellular (40MM, Silver) - Excellent",Samsung Galaxy Watch4,Samsung,,,SGlxWtch4Cel40MMSlv-RD-VR-EXD-AU,,,,,,,,,,
"Samsung Galaxy Watch4 Cellular (42MM, Black) - Excellent",Samsung Galaxy Watch4,Samsung,,,SGlxWtch442MMCCelBlk-RD-VR-EXD-AU,,,,,,,,https://www.amazon.com.au/dp/B0DHG8YSNY,,
"Samsung Galaxy Watch4 Cellular (42MM, Silver) - Excellent",Samsung Galaxy Watch4,Samsung,,,SGlxWtch442MMCCelSlv-RD-VR-EXD-AU,,,,,,,,https://www.amazon.com.au/dp/B0DHGBRRQC,,
"Samsung Galaxy Watch4 Cellular (44MM, Green) AU - Excellent",Samsung Galaxy Watch4,Samsung,,,SGlxW4Cel44MMGrn-RD-VR-EXD-AU,,,,,,,,,,
"Samsung Galaxy Watch4 Cellular (44MM, Silver) - Excellent",Samsung Galaxy Watch4,Samsung,,,SGlxWtch4Cel44MMSlv-RD-VR-EXD-AU,,,,,,,,,,
"Samsung Galaxy Watch4 Classic (42MM, Black) - Excellent",Samsung Galaxy Watch4,Samsung,,,SGlxWatch4Cls42MMBthBlk-RD-VR-EXD-AU,,,,,,,,https://www.amazon.com.au/dp/B0CJCLCC66,,
"Samsung Galaxy Watch4 Classic (42MM, Silver) - Excellent",Samsung Galaxy Watch4,Samsung,,,SGlxWatch4Cls42MMSlv-RD-VR-EXD-AU,,,,,,,,https://www.amazon.com.au/dp/B0CJCLCC66,,
"Samsung Galaxy Watch4 Classic LTE Cellular (46MM, Silver) - Excellent",Samsung Galaxy Watch4,Samsung,,,SGlxWatch4Cls46MMLTESlv-RD-VR-EXD-AU,,,,,,,,,,
"Samsung Galaxy Watch5 (40MM, Pink Gold) - Excellent",Samsung Galaxy Watch5,Samsung,,,SGlxWtch540MMPnk-RD-VR-EXD-AU,,,,,,,,,,
"Samsung Galaxy Watch5 (40MM, Silver) - Excellent",Samsung Galaxy Watch5,Samsung,,,SGlxWtch540MMSlv-RD-VR-EXD-AU,,,,,,,,,,
"Samsung Galaxy Watch5 (44MM, Black Graphite) - Excellent",Samsung Galaxy Watch5,Samsung,,,SGlxWtch544MMBlk-RD-VR-EXD-AU,,,,,,,,,,
"Samsung Galaxy Watch5 LTE (40MM, Pink Gold) - Excellent",Samsung Galaxy Watch5,Samsung,,,SGlxWtch540MMLTEPnk-RD-VR-EXD-AU,,,,,,,,,,
"Samsung Galaxy Watch5 LTE (40MM, Silver) - Excellent",Samsung Galaxy Watch5,Samsung,,,SGlxWtch540MMLTESlv-RD-VR-EXD-AU,,,,,,,,,,
"Samsung Galaxy Watch5 LTE (44MM, Blue Sapphire) - Excellent",Samsung Galaxy Watch5,Samsung,,,SGlxWtch544MMLTEBlu-RD-VR-EXD-AU,,,,,,,,,,
"Samsung Galaxy Watch5 LTE (44MM, Graphite) - Excellent",Samsung Galaxy Watch5,Samsung,,,SGlxWtch544MMLTEGpt-RD-VR-EXD-AU,,,,,,,,,,
"Samsung Galaxy Watch5 Pro Titanium (45MM, Black) - Excellent",Samsung Galaxy Watch5,Samsung,,,SGlxW5Pro45MMBlk-RD-VR-EXD-AU,,,,,,,,,,
"Samsung Galaxy Watch5 Pro Titanium (45MM, Gray) - Excellent",Samsung Galaxy Watch5,Samsung,,,SGlxW5Pro45MMGRY-RD-VR-EXD-AU,,,,,,,,,,
"Apple Watch SE GPS (40MM, Gold) - Excellent",Apple Watch SE Series,Iphone,,,AplWtchSE40GPSGld-RD-VR-EXD-AU,,,,,,,,,,
"Apple Watch SE GPS (40MM, Silver) - Excellent",Apple Watch SE Series,Iphone,,,AplWtchSE40GPSSlv-RD-VR-EXD-AU,,,,,,,,,,
"Apple Watch SE GPS (40MM, Space Grey) - Excellent",Apple Watch SE Series,Iphone,,,AplWtchSE40GPSSpG-RD-VR-EXD-AU,,,,,,,,,,
"Apple Watch SE Cellular (40MM, Silver) - Excellent",Apple Watch SE Series,Iphone,,,AplWtchSE40CelSlv-RD-VR-EXD-AU,,,,,,,,,,
"Samsung Galaxy Watch 4 (40MM, Bluetooth, Black) - Pristine",Samsung Galaxy Watch4,Samsung,,,SGlxWtch4Bth40MMBlk-VR-ASN-AU,,,,,,https://reebelo.com.au/collections/samsung-galaxy-watch-4?skuId=sku-mq8bqrqkRVpkbQHrDXnTkcW,https://www.backmarket.com.au/en-au/p/smart-watch-samsung-hr-gps-galaxy-watch-4-black/8e0cd05e-3ba2-4adf-9e83-dce7a0a8009a?l=10,,,
"Samsung Galaxy Watch 4 (40MM, Bluetooth, Silver) - Pristine",Samsung Galaxy Watch4,Samsung,,,SGlxWtch4Bth40MMSlv-VR-ASN-AU,,,,,,,,,,
"Samsung Galaxy Watch 4 (44MM, Black, Bluetooth) - Excellent",Samsung Galaxy Watch4,Samsung,,,SamGalWtch4Bth44MMBlck-RD-VR-EXD-AU,,,,,,https://reebelo.com.au/collections/samsung-galaxy-watch-4?skuId=sku-mfde2fiabcW8YwQ7X0i89wl,,https://www.amazon.com.au/dp/B0CJCKV628,,
"Samsung Galaxy Watch 4 (46MM, Black, Classic Bluetooth) - Excellent",Samsung Galaxy Watch4,Samsung,,,SamGalWtch4CBth46MMBlck-RD-VR-EXD-AU,,,,,,https://reebelo.com.au/collections/samsung-galaxy-watch-4?skuId=sku-mflceul3YQwCPU21KSO8u1O,,,,
"Samsung Galaxy Watch 4 (46MM, Silver, Classic Bluetooth) - Excellent",Samsung Galaxy Watch4,Samsung,,,SamGalWtch4CBth46MMSlv-RD-VR-EXD-AU,,,,,,https://reebelo.com.au/collections/samsung-galaxy-watch-4?skuId=sku-mmaulzxxakiSxonvb3Q7zsJ,,,,
"Samsung Galaxy Watch 5 (44MM, Silver, Aluminum) AU - Excellent",Samsung Galaxy Watch5,Samsung,,,SWTCH544MMSlvAS-RD-VR-EXD-AU,,,,,,,,https://www.amazon.com.au/dp/B0BWSJ4RLB,,
"Samsung Galaxy Watch 5 Pro Cellular (45MM, Black) AU - Pristine",Samsung Galaxy Watch5,Samsung,,,SGlxW5ProCel45MMBlkAS-VR-ASN-AU,,,,,,,,,,
"Samsung Galaxy Watch 5 Pro Titanium (45MM, LTE, Black) - Excellent",Samsung Galaxy Watch5,Samsung,,,SGlxW5Pro45MMCelBlkTtn-RD-VR-EXD-AU,,,,,,https://reebelo.com.au/collections/samsung-galaxy-watch5-pro?skuId=sku-mfczb84eplB6Wfw4DCRi0uV,,,,
"Samsung Galaxy Watch 5 Pro Titanium (45MM, LTE, Grey) - Excellent",Samsung Galaxy Watch5,Samsung,,,SGlxW5Pro45MMCelGryTtn-RD-VR-EXD-AU,,,,,,https://reebelo.com.au/collections/samsung-galaxy-watch5-pro?skuId=sku-mhygj8cqr59hKIZawrI2cby,,https://www.amazon.com.au/dp/B0CRF564X8,,
"Samsung Galaxy Watch 5 Pro Titanium Cellular (45MM, Black) - Pristine",Samsung Galaxy Watch5,,,,SMWCL5Pro45MMBlk-VR-ASN-AU,,,,,,,https://www.backmarket.com.au/en-au/p/smart-watch-samsung-hr-gps-galaxy-watch-5-pro-black/7ffafbe9-283d-47fa-8771-0b6f878becde?l=10&pickerClicked=true#scroll=false,,,
"Samsung Galaxy Watch 5 Pro Titanium Cellular (45MM, Gray) - Pristine",Samsung Galaxy Watch5,Samsung,,,SMWCL5Pro45MMGRY-VR-ASN-AU,,,,,,,,,,
"Samsung Galaxy Watch 6 Cellular (44MM, Graphite Black) - Excellent",Samsung Galaxy Watch6,Samsung,,,SGlxW644MMCelBlk-RD-VR-EXD-AU,,,,,,,,,,
"Samsung Galaxy Watch 6 Cellular (44MM, Silver) - Excellent",Samsung Galaxy Watch6,Samsung,,,SGlxW644MMCelSlv-RD-VR-EXD-AU,,,,,,https://reebelo.com.au/collections/samsung-galaxy-watch-6?skuId=sku-mpm99hukQxrDDMT5KQTWObt,,,,
"Samsung Galaxy Watch 6 Classic (43MM, Black) - Excellent",Samsung Galaxy Watch6,Samsung,,,SGlxW6Cls43MMBlk-RD-VR-RXD-AU,,,,,,,,,,
"Samsung Galaxy Watch 6 Classic Stainless (47MM, Black) AU - Excellent",Samsung Galaxy Watch6,Samsung,,,SGlxW6Cls47MMBlkAS-RD-VR-RXD-AU,,,,,,https://reebelo.com.au/collections/samsung-galaxy-watch-6?skuId=sku-minqz4i6zvYjDNGu8sGNPIn,,https://www.amazon.com.au/dp/B0FLDPGF3G,,
"Samsung Galaxy Watch 6 Classic Stainless (47MM, Silver) AU - Excellent",Samsung Galaxy Watch6,Samsung,,,SGlxW6Cls47MMSlvAS-RD-VR-RXD-AU,,,,,,https://reebelo.com.au/collections/samsung-galaxy-watch-6?skuId=sku-mmm33i9mziZc7Mu0tVEB8SR,,,,
"Apple Watch Series 9 Aluminium (45MM, Celullar, Graphite) - Excellent",Apple Watch Series 9,Apple,,,ApWtS9Al45MMCellGrp-RD-VR-EXD-AU,,,,,,,,https://www.amazon.com.au/dp/B0DYVTFC5R,,
"Apple Watch Series 9 Aluminium (45MM, Celullar, Graphite) AU - Excellent",Apple Watch Series 9,Apple,,,ApWtS9Al45MMCellGrpAS-RD-VR-EXD-AU,,,,,,,,https://www.amazon.com.au/dp/B0DYVTFC5R,,
"Samsung Galaxy Watch 6 Classic Stainless Cellular (47MM, Black) AU - Excellent",Samsung Galaxy Watch6,Samsung,,,SWTC6c47MMCellBlkAS-RD-VR-RXD-AU,,,,,,https://reebelo.com.au/collections/samsung-galaxy-watch-6?skuId=sku-mflfrhi4xdupZC8w4diwTME,,,,
"Samsung Galaxy Watch Active 2 (44MM, Black) AU - Pristine",Samsung Galaxy Watch Active,Samsung,,,SGlxWAct244MMBlkAS-VR-ASN-AU,,,,,,https://reebelo.com.au/collections/samsung-galaxy-watch-active-2?skuId=sku-mq8bqw87FsHYZEARIrbgBeI,,,,
"Samsung Galaxy Watch Series 5 Aluminum (40mm, Pink Gold) AU - Pristine",Samsung Galaxy Watch5,Samsung,,,SGlxW540MMALPnkAS-VR-ASN-AU,,,,,,https://reebelo.com.au/collections/samsung-galaxy-watch-5?skuId=sku-mq8brkakGnVHOmE21KqKcw9,,,,
"Samsung Galaxy Watch Series 5 Celullar (40MM, Graphite) - Pristine",Samsung Galaxy Watch5,Samsung,,,SGlxWS5Cel40MMGpt-VR-ASN-AU,,,,,,https://reebelo.com.au/collections/samsung-galaxy-watch-5?skuId=sku-mq8brc6tgNPqVfV5RCQBIUq,,,,
"Samsung Galaxy Watch3 Cellular Stainless Steel (41MM, Silver) AU - Excellent",Samsung Galaxy Watch3,Samsung,,,SW3STNCel41MMSlvAS-RD-VR-EXD-AU,,,,,,,,,,
"Samsung Galaxy Watch4 (40MM, Black) - Excellent",Samsung Galaxy Watch4,Samsung,,,SGlxWtch4Bth40MMBlk-RD-VR-EXD-AU,,,,,,,,https://www.amazon.com.au/dp/B0CJCMRC5J,,
"Samsung Galaxy Watch4 (40MM, Gold) - Excellent",Samsung Galaxy Watch4,Samsung,,,SGlxWtch4Bth40MMGld-RD-VR-EXD-AU,,,,,,,,,,
"Samsung Galaxy Watch4 (40MM, Silver) - Excellent",Samsung Galaxy Watch4,Samsung,,,SGlxWtch4Bth40MMSlv-RD-VR-EXD-AU,,,,,,,,https://www.amazon.com.au/dp/B0CJCHZ1FQ,,
"Samsung Galaxy Watch4 Cellular (44MM, Black) - Excellent",Samsung Galaxy Watch4,Samsung,,,SGlxWtch4Cel44MMBlk-RD-VR-EXD-AU,,,,,,https://reebelo.com.au/collections/samsung-galaxy-watch-4?skuId=sku-mfd984isgYWObpMRadX6YSY,,https://www.amazon.com.au/dp/B0DGL32GJP,,
"Samsung Galaxy Watch5 (40MM, Black Graphite) - Excellent",Samsung Galaxy Watch5,Samsung,,,SGlxWtch540MMBlk-RD-VR-EXD-AU,,,,,,,,,,
"Samsung Galaxy Watch5 (44MM, Blue Sapphire) - Excellent",Samsung Galaxy Watch5,Samsung,,,SGlxWtch544MMBlu-RD-VR-EXD-AU,,,,,,https://reebelo.com.au/collections/samsung-galaxy-watch-5?skuId=sku-mmax5oncc7n1dieTAV8FoDk,,https://www.amazon.com.au/dp/B0CC32XQXM,,
"Samsung Galaxy Watch 4 (40MM, Bluetooth, Pink) - Pristine",Samsung Galaxy Watch4,Samsung,,,SGlxWtch4Bth40MMPnk-VR-ASN-AU,,,,,,,,,,
"Samsung Galaxy Watch5 (44MM, Silver) - Excellent",Samsung Galaxy Watch5,Samsung,,,SGlxWtch544MMSlv-RD-VR-EXD-AU,,,,,,,,,,
"Samsung Galaxy Watch 4 (44mm, Aluminum, Black) - Pristine",Samsung Galaxy Watch4,Samsung,,,SWATCH444MMBlk-VR-ASN-AU,,,,,,,,,,
"Samsung Galaxy Watch 4 (44mm, Aluminum, Green) - Pristine",Samsung Galaxy Watch4,Samsung,,,SWATCH444MMGrn-VR-ASN-AU,,,,,,,,,,
"Samsung Galaxy Watch5 LTE (40MM, Graphite) - Excellent",Samsung Galaxy Watch5,Samsung,,,SGlxWtch540MMLTEGpt-RD-VR-EXD-AU,,,,,,,,,,
"Samsung Galaxy Watch5 LTE (44MM, Silver) - Excellent",Samsung Galaxy Watch5,Samsung,,,SGlxWtch544MMLTESlv-RD-VR-EXD-AU,,,,,,https://reebelo.com.au/collections/galaxy-s25%2B?skuId=sku-mq8brf1jAGLw0Mf0Og39uNL,,,,
"Samsung Galaxy Watch 4 (44mm, Aluminum, Silver) - Pristine",Samsung Galaxy Watch4,Samsung,,,SWATCH444MMSil-VR-ASN-AU,,,,,,,,,,
"Samsung Galaxy Watch 5 (44MM, Blue Sapphire, Aluminum) AU - Pristine",Samsung Galaxy Watch5,Samsung,,,SWTCH544MMBluAS-VR-ASN-AU,,,,,,,,,,
"Samsung Galaxy Watch 5 (44MM, Graphite, Aluminum) AU - Pristine",Samsung Galaxy Watch5,Samsung,,,SWTCH544MMGrptAS-VR-ASN-AU,,,,,,,,,,
"Samsung Galaxy Watch 5 (44MM, Silver, Aluminum) AU - Pristine",Samsung Galaxy Watch5,Samsung,,,SWTCH544MMSlvAS-VR-ASN-AU,,,,,,,,,,
"Apple Macbook Pro 14"" 2021 (M1 PRO, 32GB RAM, 512GB, Silver) - Excellent",Apple Macbook Pro Series,Apple,,,MacPro21Slv32GB512GB14M1-RD-VR-EXD-AU,,,,,,,,,,
"Samsung Galaxy Watch 6 Classic Stainless (47MM, Black) AU - Pristine",Samsung Galaxy Watch6,Samsung,,,SGlxW6Cls47MMBlkAS-VR-ASN-AU,,,,,,,,,,
"Apple Macbook Pro 16"" 2021 (M1 PRO, 32GB RAM, 512GB, Silver) - Excellent",Apple Macbook Pro Series,Apple,,,MacPro21Slv32GB512GB16M1-RD-VR-EXD-AU,,,,,,,,,,
"Samsung Galaxy Watch 6 Classic Stainless (47MM, Silver) AU - Pristine",Samsung Galaxy Watch6,Samsung,,,SGlxW6Cls47MMSlvAS-VR-ASN-AU,,,,,,,,,,
"Samsung Galaxy Watch 6 Classic Stainless Cellular (47MM, Black) AU - Pristine",Samsung Galaxy Watch6,Samsung,,,SWTC6c47MMCellBlkAS-VR-ASN-AU,,,,,,,,,,
"Samsung Galaxy Watch Active 2 (40MM, Gold) AU - Pristine",Samsung Galaxy Watch Active,Samsung,,,SGlxWAct240MMGldAS-VR-ASN-AU,,,,,,,,,,
"Samsung Galaxy Watch Gear S3 (46MM, Black) AU - Pristine",Samsung Galaxy Watch Gear,Samsung,,,SGlxWGrS346MMBlkAS-VR-ASN-AU,,,,,,,,,,
"Samsung Galaxy Watch Series 5 Aluminum (40MM, Silver) AU - Pristine",Samsung Galaxy Watch5,Samsung,,,SGlxW540MMALSlvAS-VR-ASN-AU,,,,,,,,,,
"Samsung Galaxy Watch Series 5 Celullar (40MM, Pink Gold) - Pristine",Samsung Galaxy Watch5,Samsung,,,SGlxWS5Cel40MMPnk-VR-ASN-AU,,,,,,,,,,
"Samsung Galaxy Watch Series 5 Celullar (40MM, Silver) - Pristine",Samsung Galaxy Watch5,Samsung,,,SGlxWS5Cel40MMSil-VR-ASN-AU,,,,,,,,,,
"Samsung Galaxy Watch Series 6 Alumunium (40MM, Graphite Black) AU - Pristine",Samsung Galaxy Watch6,Samsung,,,SGlxW640MMASBlk-VR-ASN-AU,,,,,,,,,,
"Samsung Galaxy Watch Series 6 Alumunium (40MM, Silver) AU - Pristine",Samsung Galaxy Watch6,Samsung,,,SGlxW640MMASSlv-VR-ASN-AU,,,,,,,https://www.backmarket.com.au/en-au/p/smart-watch-samsung-hr-gps-galaxy-watch-6-classic-silver/f0f97872-3a91-4ebe-9a37-d58ef44acfab?l=10&pickerClicked=true#scroll=false,,,
"Samsung Galaxy Watch Series 6 Cellular Alumunium (44MM, Graphite Black) AU - Pristine",Samsung Galaxy Watch6,Samsung,,,SGlxW644MMASCelBlk-VR-ASN-AU,,,,,,,,,,
"Samsung Galaxy Watch Series 6 Cellular Alumunium (44MM, Silver) AU - Pristine",Samsung Galaxy Watch6,Samsung,,,SGlxW644MMASCelSlv-VR-ASN-AU,,,,,,,,,,
"Samsung Galaxy Watch Stainless Steel (46MM, Silver) AU - Pristine",Samsung Galaxy Watch,Samsung,,,SGlxW46MMStnSlvAS-VR-ASN-AU,,,,,,,,,,
"Samsung Galaxy Watch3 Cellular Stainless Steel (41MM, Black) AU - Pristine",Samsung Galaxy Watch3,Samsung,,,SW3STNCel41MMBlckAS-VR-ASN-AU,,,,,,,,,,
"Samsung Galaxy Watch3 Cellular Stainless Steel (41MM, Silver) AU - Pristine",Samsung Galaxy Watch3,Samsung,,,SW3STNCel41MMSlvAS-VR-ASN-AU,,,,,,,,,,
"Samsung Galaxy Watch3 Stainless Steel (45MM, Black) AU - Pristine",Samsung Galaxy Watch3,Samsung,,,SGlxW345MMSTNBlkAS-VR-ASN-AU,,,,,,,,,,
"Samsung Galaxy Watch4 Cellular (40MM, Gold) AU - Pristine",Samsung Galaxy Watch4,Samsung,,,SGlxW4Cel40MMGld-VR-ASN-AU,,,,,,,,,,
"Samsung Galaxy Watch4 Cellular (44MM, Black) AU - Pristine",Samsung Galaxy Watch4,Samsung,,,SGlxW4Cel44MMBlk-VR-ASN-AU,,,,,,,,,,
"Apple Watch Series 8 Cellular (41MM, Graphite) - Excellent",Apple Watch Series 8,Apple,,,AplWS841MMCelGrpht-RD-VR-EXD-AU,,,,,,,,https://www.amazon.com.au/dp/B0CMZG36YJ,,
"Apple Watch Series 8 Cellular (41MM, Midnight) - Excellent",Apple Watch Series 8,Apple,,,AplWS841MMCelMidnht-RD-VR-EXD-AU,,,,,,,,https://www.amazon.com.au/dp/B0CMZG36YJ,,
"Samsung Galaxy Watch4 Cellular (44MM, Green) AU - Pristine",Samsung Galaxy Watch4,Samsung,,,SGlxW4Cel44MMGrn-VR-ASN-AU,,,,,,,,,,
"Samsung Galaxy Watch4 Classic (42MM, Black) AU - Pristine",Samsung Galaxy Watch4,Samsung,,,SGlxW4CLS42MMBlk-VR-ASN-AU,,,,,,,,,,
"Samsung Galaxy Watch4 Classic (46MM, Cellular, Silver) AU - Pristine",Samsung Galaxy Watch4,Samsung,,,SGlxW4CLS46MMCelSlv-VR-ASN-AU,,,,,,,,,,
"Samsung Galaxy Watch5 Pro Titanium (45MM, Black) - Pristine",Samsung Galaxy Watch5,Samsung,,,SGlxW5Pro45MMBlk-VR-ASN-AU,,,,,,,,,,
"Samsung Galaxy Watch5 Pro Titanium (45MM, Gray) - Pristine",Samsung Galaxy Watch5,Samsung,,,SGlxW5Pro45MMGRY-VR-ASN-AU,,,,,,,,,,
"Apple Macbook Air M1 2020 13"" A2337 (256GB, 8GB RAM, Rose Gold) - Excellent",Apple Macbook Air Series,Apple,,,AMAir20M1A2337GLD256-RD-VR-EXD-AU,,,,,,,,,,
"Samsung Galaxy Watch 3 (41MM, Cellular, Black) - Excellent",Samsung Galaxy Watch3,Samsung,,,SGlxWatch3Cel41MMBlk-RD-VR-EXD-AU,,,,,,,,,,
"Samsung Galaxy Watch 3 (41MM, Silver, Cellular) - Excellent",Samsung Galaxy Watch3,Samsung,,,SamGalWtch3Cel41MMSlv-RD-VR-EXD-AU,,,,,,,,,,
"Samsung Galaxy Watch 3 (41MM, Bronze, Cellular) - Excellent",Samsung Galaxy Watch3,Samsung,,,SamGalWtch3Cel41MMBrnz-RD-VR-EXD-AU,,,,,,,,,,
"Samsung Galaxy Watch 3 (41MM, Bluetooth, Black) - Excellent",Samsung Galaxy Watch3,Samsung,,,SGlxWatch3Bth41MMBlk-RD-VR-EXD-AU,,,,,,,,,,
"Samsung Galaxy Watch 3 (45MM, Black, Cellular) - Excellent",Samsung Galaxy Watch3,Samsung,,,SamGalWtch3Cel45MMBlck-RD-VR-EXD-AU,,,,,,https://reebelo.com.au/collections/samsung-galaxy-watch-3?skuId=sku-mflbyae6MRyMnzfKWNKz71X,,,,
"Samsung Galaxy Watch 3 (45MM, Silver, Cellular) - Excellent",Samsung Galaxy Watch3,Samsung,,,SamGalWtch3Cel45MMSlv-RD-VR-EXD-AU,,,,,,,,,,
"Samsung Galaxy Watch 3 (45MM, Black, Bluetooth) - Excellent",Samsung Galaxy Watch3,Samsung,,,SamGalWtch3Bth45MMBlck-RD-VR-EXD-AU,,,,,,,,,,
"Samsung Galaxy Watch 3 (45MM, Silver, Bluetooth) - Excellent",Samsung Galaxy Watch3,Samsung,,,SamGalWtch3Bth45MMSlv-RD-VR-EXD-AU,,,,,,,,,,
"Apple Watch Series 8 Cellular (41MM, Silver) - Excellent",Apple Watch Series 8,,,,AplWS841MMCelSlv-RD-VR-EXD-AU,,,,,,,,,,
"Apple Watch Series 6 (44MM, Silver, Cellular) - Excellent",Apple Watch Series 6,,,,ApWS644mmCelSil-VR-RD-EXD-AU,,,,,,,,,,
"Apple Watch Series 6 (44MM, Red, Cellular) - Excellent",Apple Watch Series 6,,,,ApWS644mmCelRed-VR-RD-EXD-AU,,,,,,,,,,
"Apple Watch Series 8 Cellular (41MM, Gold) - Excellent",Apple Watch Series 8,Apple,,,AplWS841MMCelGld-RD-VR-EXD-AU,,,,,,,,,,
"Apple Watch Series 9 Aluminum Cellular (41MM, Black) - Excellent",Apple Watch Series 9,Apple,,,AWTCH941MMCLLBlk-RD-VR-EXD-AU,,,,,,,,,,
"Apple Watch Series 9 Aluminium (45MM, Celullar, Silver) - Excellent",Apple Watch Series 9,Apple,,,ApWtS9Al45MMCellSil-RD-VR-EXD-AU,,,,,,,,,,
"Apple Watch Series 9 Aluminium (45MM, Celullar, Rose Gold) - Excellent",Apple Watch Series 9,Apple,,,ApWtS9Al45MMCellRSe-RD-VR-EXD-AU,,,,,,https://reebelo.com.au/collections/apple-watch-series-9?skuId=sku-mh0fagd9NplfdZ2rzms4uFc,,,,
"Apple Watch Series 8 (45MM, Midnight) - Excellent",Apple Watch Series 8,Apple,,,AplWtS845MMMid-RD-VR-EXD-AU,,,,,,https://reebelo.com.au/collections/apple-watch-series-8?skuId=sku-mesme8flp449QMmtotYDuNJ,https://www.backmarket.com.au/en-au/p/apple-watch-mm/5ca94fa3-97c0-4588-9ad1-87c02d9a11f2?l=11&variantClicked=true&pickerClicked=true#scroll=false,,,
"Apple Watch Series 8 Cellular (45MM, Black) - Excellent",Apple Watch Series 8,Apple,,,AplWS845MMCelBlk-RD-VR-EXD-AU,,,,,,https://reebelo.com.au/collections/apple-watch-series-8?skuId=sku-mfdsto9cBIhMxnRZiGy5XVu,https://www.backmarket.com.au/en-au/p/apple-watch-8-th-gen-2022-gps-cellular-45-aluminium-midnight-sport-band/632986d5-f8ff-49d0-b36f-8d4891343432?l=11&variantClicked=true&pickerClicked=true#scroll=false,https://www.amazon.com.au/dp/B0DYVS4WT1,,
"Apple Watch Series 8 Cellular (45MM, Silver) - Excellent",Apple Watch Series 8,Apple,,,AplWS845MMCelSlv-RD-VR-EXD-AU,,,,,,https://reebelo.com.au/collections/apple-watch-series-8?skuId=sku-mipjltz5GK3h1v7GVQL0D0m,,https://www.amazon.com.au/dp/B0DYVTFCLG,,
"Apple Watch Series 8 Cellular (45MM, Gold) - Excellent",Apple Watch Series 8,Apple,,,AplWS845MMCelGld-RD-VR-EXD-AU,,,,,,,,,,
"Apple Watch Series 7 (Silver, 41MM, CELLULAR) - Excellent",Apple Watch Series 7,Apple,,,AplWtchS741MMCelSlv-RD-VR-EXD-AU,,,,,,,,,,
"Apple Watch Series 7 (Grey, 41MM, CELLULAR) - Excellent",Apple Watch Series 7,Apple,,,AplWtchS741MMCelGry-RD-VR-EXD-AU,,,,,,,,,,
"Apple Watch Series 7 (Gold, 41MM, CELLULAR) - Excellent",Apple Watch Series 7,,,,AplWtchS741MMCelGld-RD-VR-EXD-AU,,,,,,,,,,
"Apple Watch Series 7 (Green, 41MM, CELLULAR) - Excellent",Apple Watch Series 7,Apple,,,AplWtchS741MMCelGrn-RD-VR-EXD-AU,,,,,,,,,,
"Apple Watch Series 7 (Red, 41MM, CELLULAR) - Excellent",Apple Watch Series 7,Apple,,,AplWtchS741MMCelRed-RD-VR-EXD-AU,,,,,,,,,,
"Apple Watch Series 7 Celular (45MM, Silver) - Excellent",Apple Watch Series 7,Apple,,,AplWtchS745MMCelSlv-RD-VR-EXD-AU,,,,,,,,,,
"Apple Watch Series 7 Celular (45MM, Grey) - Excellent",Apple Watch Series 7,Apple,,,AplWtchS745MMCelGry-RD-VR-EXD-AU,,,,,,,,,,
"Apple Watch Series 7 Celular (45MM, Midnight) - Excellent",Apple Watch Series 7,Apple,,,AplWtchS745MMMidCel-RD-VR-EXD-AU,,,,,,,,,,
"Apple Watch Series 7 Celular (45MM, Gold) - Excellent",Apple Watch Series 7,Apple,,,AplWtchS745MMCelGld-RD-VR-EXD-AU,,,,,,,,,,