PRODUCT NAME,CATEGORY,BRAND,SKU,SUPPLIER,GTIN / EAN / UPC,MAP (Targeted price or RRP),Cost price,Bottom price,Ceiling price,Your site URL,Competitor #1 URL,Competitor #2 URL,Competitor #3 URL,Competitor ... URL
"Samsung Galaxy Z Fold 5 (512GB, Grey) - Pristine",Samsung Galaxy Z Fold Series,Samsung,,,SMZFold5512GBGry-VR-ASN-AU,,,,,,,,,
"Samsung Galaxy Note 10+ Plus 5G (12GB RAM, 256GB, Blue) - Excellent",Samsung Galaxy Note 10 Series,Samsung,,,GNT10Plus5G256GBBlu-RD-VR-EXD-AU,,,,,,,,,
"Samsung Galaxy Note 10+ Plus 5G (12GB RAM, 256GB, White) - Excellent",Samsung Galaxy Note 10 Series,Samsung,,,GNT10Plus5G256GBWht-RD-VR-EXD-AU,,,,,,,,,
"Samsung Galaxy Note 10+ Plus 5G (512GB, White)  - Excellent",Samsung Galaxy Note 10 Series,Samsung,,,GalxNote10+5G512GBWht-RD-VR-EXD-AU,,,,,,,,,
"Samsung Galaxy Z Fold 5 (512GB, Grey) Australian Stock - Pristine",Samsung Galaxy Z Fold Series,Samsung,,,SMZFold5512GBGryAS-VR-ASN-AU,,,,,,,,,
"Samsung Galaxy Z Fold 5 (512GB, Icy Blue) - Pristine",Samsung Galaxy Z Fold Series,Samsung,,,SGlxZFld5512GBIBlu-VR-ASN-AU,,,,,,,,,
"Samsung Galaxy Z Fold 5 (512GB, Icy Blue) Australian Stock - Pristine",Samsung Galaxy Z Fold Series,Samsung,,,SGlxZFld5512GBIBluAS-VR-ASN-AU,,,,,,,,,
"Samsung Galaxy Z Fold 5 5G (1TB, Black) - Pristine",Samsung Galaxy Z Fold Series,Samsung,,,SGlxZFld51TBBlk-VR-ASN-AU,,,,,,,,,
"Samsung Galaxy Z Fold 5 5G (1TB, Black) Australian Stock - Pristine",Samsung Galaxy Z Fold Series,Samsung,,,SGlxZFld51TBBlkAS-VR-ASN-AU,,,,,,,,,
"Samsung Galaxy S22 ULTRA 5G (1TB, Graphite) - Excellent",Samsung Galaxy S22 Ultra Series,Samsung,,,S22Ut5G1TBGrpt-RD-VR-EXD-AU,,,,,,,,,
"Apple Watch Series 9 Aluminum Cellular (41MM, Black) - Excellent",Apple Watch Series 9,Apple,,,AWTCH941MMCLLBlk-RD-VR-EXD-AU,,,,,,,,,
"Samsung Galaxy Z Fold 5 5G (1TB, Blue) - Pristine",Samsung Galaxy Z Fold Series,Samsung,,,SGlxZFld51TBBlu-VR-ASN-AU,,,,,,,,,
"Apple Watch Series 9 Aluminium (45MM, Celullar, Silver) - Excellent",Apple Watch Series 9,Apple,,,ApWtS9Al45MMCellSil-RD-VR-EXD-AU,,,,,,,,,
"Apple Watch Series 9 Aluminium (45MM, Celullar, Rose Gold) - Excellent",Apple Watch Series 9,Apple,,,ApWtS9Al45MMCellRSe-RD-VR-EXD-AU,,,,,,,,,
"Samsung Galaxy Z Fold 5 5G (1TB, Blue) Australian Stock - Pristine",Samsung Galaxy Z Fold Series,Samsung,,,SGlxZFld51TBBluAS-VR-ASN-AU,,,,,,,,,
"Samsung Galaxy Z Fold 5 5G (1TB, Cream) - Pristine",Samsung Galaxy Z Fold Series,Samsung,,,SGlxZFld51TBCrm-VR-ASN-AU,,,,,,,,,
"Apple Watch Series 8 (45MM, Midnight) - Excellent",Apple Watch Series 8,Apple,,,AplWtS845MMMid-RD-VR-EXD-AU,,,,,,,,,
"Apple Watch Series 8 Cellular (45MM, Black) - Excellent",Apple Watch Series 8,Apple,,,AplWS845MMCelBlk-RD-VR-EXD-AU,,,,,,,,,
"Apple Watch Series 8 Cellular (45MM, Silver) - Excellent",Apple Watch Series 8,Apple,,,AplWS845MMCelSlv-RD-VR-EXD-AU,,,,,,,,,
"Apple Watch Series 8 Cellular (45MM, Gold) - Excellent",Apple Watch Series 8,Apple,,,AplWS845MMCelGld-RD-VR-EXD-AU,,,,,,,,,
"Samsung Galaxy Z Fold 5 5G (1TB, Cream) Australian Stock - Pristine",Samsung Galaxy Z Fold Series,Samsung,,,SGlxZFld51TBCrmAS-VR-ASN-AU,,,,,,,,,
"Samsung Galaxy Z Fold 5 5G (1TB, Grey) - Pristine",Samsung Galaxy Z Fold Series,Samsung,,,SGlxZFld51TBGry-VR-ASN-AU,,,,,,,,,
"Samsung Galaxy Z Fold 5 5G (1TB, Grey) Australian Stock - Pristine",Samsung Galaxy Z Fold Series,Samsung,,,SGlxZFld51TBGryAS-VR-ASN-AU,,,,,,,,,
"Samsung Galaxy Z Fold 5 5G (1TB, Icy Blue) - Pristine",Samsung Galaxy Z Fold Series,Samsung,,,SGlxZFld51TBIBlu-VR-ASN-AU,,,,,,,,,
"Samsung Galaxy Z Fold 5 5G (1TB, Icy Blue) Australian Stock - Pristine",Samsung Galaxy Z Fold Series,Samsung,,,SGlxZFld51TBIBluAS-VR-ASN-AU,,,,,,,,,
"Apple Watch Series 7 (Silver, 41MM, CELLULAR) - Excellent",Apple Watch Series 7,Apple,,,AplWtchS741MMCelSlv-RD-VR-EXD-AU,,,,,,,,,
"Apple Watch Series 7 (Grey, 41MM, CELLULAR) - Excellent",Apple Watch Series 7,Apple,,,AplWtchS741MMCelGry-RD-VR-EXD-AU,,,,,,,,,
"Apple Watch Series 7 (Gold, 41MM, CELLULAR) - Excellent",Apple Watch Series 7,,,,AplWtchS741MMCelGld-RD-VR-EXD-AU,,,,,,,,,
"Samsung Galaxy Z Fold 6 (1TB, Black) - Pristine",Samsung Galaxy Z Fold Series,Samsung,,,SMFLD61TBBlk-VR-ASN-AU,,,,,,,,,
"Samsung Galaxy Z Fold 6 (1TB, Navy) - Pristine",Samsung Galaxy Z Fold Series,Samsung,,,SMFLD61TBNvy-VR-ASN-AU,,,,,,,,,
"Apple Watch Series 7 (Green, 41MM, CELLULAR) - Excellent",Apple Watch Series 7,Apple,,,AplWtchS741MMCelGrn-RD-VR-EXD-AU,,,,,,,,,
"Apple Watch Series 7 (Red, 41MM, CELLULAR) - Excellent",Apple Watch Series 7,Apple,,,AplWtchS741MMCelRed-RD-VR-EXD-AU,,,,,,,,,
"Apple Watch Series 7 Celular (45MM, Silver) - Excellent",Apple Watch Series 7,Apple,,,AplWtchS745MMCelSlv-RD-VR-EXD-AU,,,,,,,,,
"Apple Watch Series 7 Celular (45MM, Grey) - Excellent",Apple Watch Series 7,Apple,,,AplWtchS745MMCelGry-RD-VR-EXD-AU,,,,,,,,,
"Apple Watch Series 7 Celular (45MM, Midnight) - Excellent",Apple Watch Series 7,Apple,,,AplWtchS745MMMidCel-RD-VR-EXD-AU,,,,,,,,,
"Apple Watch Series 7 Celular (45MM, Gold) - Excellent",Apple Watch Series 7,Apple,,,AplWtchS745MMCelGld-RD-VR-EXD-AU,,,,,,,,,
"Samsung Galaxy Z Fold 6 (1TB, Pink) - Pristine",Samsung Galaxy Z Fold Series,Samsung,,,SMFLD61TBPnk-VR-ASN-AU,,,,,,,,,
"Samsung Galaxy Z Fold 6 (1TB, Silver) - Pristine",Samsung Galaxy Z Fold Series,Samsung,,,SMFLD61TBSlv-VR-ASN-AU,,,,,,,,,
"Samsung Galaxy Z Fold 6 (1TB, White) - Pristine",Samsung Galaxy Z Fold Series,Samsung,,,SMFLD61TBWht-VR-ASN-AU,,,,,,,,,
"Samsung Galaxy Z Fold 6 (256GB, Black) - Pristine",Samsung Galaxy Z Fold Series,Samsung,,,SGlxZFold6256GBBlk-VR-ASN-AU,,,,,,,,,
"Samsung Galaxy Z Fold 6 (256GB, Navy) - Pristine",Samsung Galaxy Z Fold Series,Samsung,,,SGlxZFold6256GBNvy-VR-ASN-AU,,,,,,,,,
"Samsung Galaxy Z Fold 6 (256GB, Pink) - Pristine",Samsung Galaxy Z Fold Series,Samsung,,,SGlxZFold6256GBPnk-VR-ASN-AU,,,,,,,,,
"Samsung Galaxy Z Fold 6 (256GB, Silver) - Pristine",Samsung Galaxy Z Fold Series,Samsung,,,SGlxZFold6256GBSlv-VR-ASN-AU,,,,,,,,,
"Samsung Galaxy Z Fold 6 (256GB, White) - Pristine",Samsung Galaxy Z Fold Series,Samsung,,,SGlxZFold6256GBWht-VR-ASN-AU,,,,,,,,,
"Samsung Galaxy S25 Ultra 5G (512GB, Black) - Excellent",Samsung Galaxy S25 Series,Samsung,,,SM25UT512GBBlk-RD-VR-EXD-AU,,,,,,,,,
"Samsung Galaxy S25 Ultra 5G (512GB, Gray) - Excellent",Samsung Galaxy S25 Series,Samsung,,,SM25UT512GBGry-RD-VR-EXD-AU,,,,,,,,,
"Samsung Galaxy S25 Plus 5G (256GB, Silver Shadow) - Excellent",Samsung Galaxy S25 Series,Samsung,,,SM25PLS256GBSil-RD-VR-EXD-AU,,,,,,,,,
"Samsung Galaxy S25 Plus 5G (256GB, Navy) - Excellent",Samsung Galaxy S25 Series,Samsung,,,SM25PLS256GBNav-RD-VR-EXD-AU,,,,,,,,,
"Samsung Galaxy Z Fold 6 (512GB, Black) - Pristine",Samsung Galaxy Z Fold Series,Samsung,,,SGlxZFold6512GBBlk-VR-ASN-AU,,,,,,,,,
"Samsung Galaxy Z Fold 6 (512GB, Navy) - Pristine",Samsung Galaxy Z Fold Series,Samsung,,,SGlxZFold6512GBNvy-VR-ASN-AU,,,,,,,,,
"Apple iPad 10 (256GB, Blue) - Excellent",Apple iPad Series,Apple,,,iPd10256GBBlu-RD-VR-EXD-AU,,,,,,,,,
"Apple iPad 10 (256GB, Pink) - Excellent",Apple iPad Series,Apple,,,iPd10256GBPnk-RD-VR-EXD-AU,,,,,,,,,
"Apple iPad 10 (256GB, Silver) - Excellent",Apple iPad Series,Apple,,,iPd10256GBSlv-RD-VR-EXD-AU,,,,,,,,,
"Apple iPad 10 (256GB, Yellow) - Excellent",Apple iPad Series,Apple,,,iPd10256GBYlw-RD-VR-EXD-AU,,,,,,,,,
"Samsung Galaxy Z Fold 6 (512GB, Pink) - Pristine",Samsung Galaxy Z Fold Series,Samsung,,,SGlxZFold6512GBPnk-VR-ASN-AU,,,,,,,,,
"Samsung Galaxy Z Fold 6 (512GB, Silver) - Pristine",Samsung Galaxy Z Fold Series,Samsung,,,SGlxZFold6512GBSlv-VR-ASN-AU,,,,,,,,,
"Samsung Galaxy Z Fold 6 (512GB, White) - Pristine",Samsung Galaxy Z Fold Series,Samsung,,,SGlxZFold6512GBWht-VR-ASN-AU,,,,,,,,,
